x,y,distance_wall_left,distance_wall_right
0.0,0.0,10.0,10.0
0.3001081787817375,0.0,10.0,10.0
0.600216357563475,0.0,10.0,10.0
0.9003245363452126,0.0,10.0,10.0
1.20043271512695,0.0,10.0,10.0
1.5005408939086875,0.0,10.0,10.0
1.8006490726904252,0.0,10.0,10.0
2.1007572514721624,0.0,10.0,10.0
2.4008654302539,0.0,10.0,10.0
2.7009736090356378,0.0,10.0,10.0
3.001081787817375,0.0,10.0,10.0
3.3011899665991127,0.0,10.0,10.0
3.6012981453808504,0.0,10.0,10.0
3.9014063241625876,0.0,10.0,10.0
4.201514502944325,0.0,10.0,10.0
4.5016226817260625,0.0,10.0,10.0
4.8017308605078,0.0,10.0,10.0
5.101839039289538,0.0,10.0,10.0
5.4019472180712755,0.0,10.0,10.0
5.702055396853012,0.0,10.0,10.0
6.00216357563475,0.0,10.0,10.0
6.302271754416488,0.0,10.0,10.0
6.602379933198225,0.0,10.0,10.0
6.902488111979963,0.0,10.0,10.0
7.202596290761701,0.0,10.0,10.0
7.5027044695434375,0.0,10.0,10.0
7.802812648325175,0.0,10.0,10.0
8.102920827106912,0.0,10.0,10.0
8.40302900588865,0.0,10.0,10.0
8.703137184670387,0.0,10.0,10.0
9.003245363452125,0.0,10.0,10.0
9.303353542233863,0.0,10.0,10.0
9.6034617210156,0.0,10.0,10.0
9.903569899797338,0.0,10.0,10.0
10.203678078579076,0.0,10.0,10.0
10.503786257360813,0.0,10.0,10.0
10.803894436142551,0.0,10.0,10.0
11.104002614924289,0.0,10.0,10.0
11.404110793706025,0.0,10.0,10.0
11.704218972487762,0.0,10.0,10.0
12.0043271512695,0.0,10.0,10.0
12.304435330051238,0.0,10.0,10.0
12.604543508832975,0.0,10.0,10.0
12.904651687614713,0.0,10.0,10.0
13.20475986639645,0.0,10.0,10.0
13.504868045178188,0.0,10.0,10.0
13.804976223959926,0.0,10.0,10.0
14.105084402741664,0.0,10.0,10.0
14.405192581523401,0.0,10.0,10.0
14.705300760305137,0.0,10.0,10.0
15.005408939086875,0.0,10.0,10.0
15.305517117868613,0.0,10.0,10.0
15.60562529665035,0.0,10.0,10.0
15.905733475432088,0.0,10.0,10.0
16.205841654213824,0.0,10.0,10.0
16.50594983299556,0.0,10.0,10.0
16.8060580117773,0.0,10.0,10.0
17.106166190559037,0.0,10.0,10.0
17.406274369340775,0.0,10.0,10.0
17.706382548122512,0.0,10.0,10.0
18.00649072690425,0.0,10.0,10.0
18.306598905685988,0.0,10.0,10.0
18.606707084467725,0.0,10.0,10.0
18.906815263249463,0.0,10.0,10.0
19.2069234420312,0.0,10.0,10.0
19.50703162081294,0.0,10.0,10.0
19.807139799594676,0.0,10.0,10.0
20.107247978376414,0.0,10.0,10.0
20.40735615715815,0.0,10.0,10.0
20.70746433593989,0.0,10.0,10.0
21.007572514721627,0.0,10.0,10.0
21.307680693503364,0.0,10.0,10.0
21.607788872285102,0.0,10.0,10.0
21.90789705106684,0.0,10.0,10.0
22.208005229848577,0.0,10.0,10.0
22.50811340863031,0.0,10.0,10.0
22.80822158741205,0.0,10.0,10.0
23.108329766193787,0.0,10.0,10.0
23.408437944975525,0.0,10.0,10.0
23.708546123757262,0.0,10.0,10.0
24.008654302539,0.0,10.0,10.0
24.308762481320738,0.0,10.0,10.0
24.608870660102475,0.0,10.0,10.0
24.908978838884213,0.0,10.0,10.0
25.20908701766595,0.0,10.0,10.0
25.50919519644769,0.0,10.0,10.0
25.809303375229426,0.0,10.0,10.0
26.109411554011164,0.0,10.0,10.0
26.4095197327929,0.0,10.0,10.0
26.70962791157464,0.0,10.0,10.0
27.009736090356377,0.0,10.0,10.0
27.309844269138114,0.0,10.0,10.0
27.609952447919852,0.0,10.0,10.0
27.91006062670159,0.0,10.0,10.0
28.210168805483328,0.0,10.0,10.0
28.510276984265065,0.0,10.0,10.0
28.810385163046803,0.0,10.0,10.0
29.110493341828537,0.0,10.0,10.0
29.410601520610275,0.0,10.0,10.0
29.710709699392012,0.0,10.0,10.0
30.01081787817375,0.0,10.0,10.0
30.310926056955488,0.0,10.0,10.0
30.611034235737225,0.0,10.0,10.0
30.911142414518963,0.0,10.0,10.0
31.2112505933007,0.0,10.0,10.0
31.51135877208244,0.0,10.0,10.0
31.811466950864176,0.0,10.0,10.0
32.111575129645914,0.0,10.0,10.0
32.41168330842765,0.0,9.99999999999999,9.99999999999999
32.71179148720939,0.0,9.999999999999856,9.999999999999856
33.01189966599112,0.0,9.999999999998,9.999999999998
33.312007844772864,0.0,9.999999999972145,9.999999999972115
33.6121160235546,0.0,9.99999999961051,9.999999999612086
33.91222420233634,0.0,9.999999994601083,9.99999999451918
34.212332381118074,0.0,9.999999920772435,9.9999999250101
34.512440559899815,0.0,9.99999896609592,9.999998749815369
34.81254873868155,0.0,10.0,9.999869713211169
35.11263975926909,0.0019661343115369924,10.0,9.999791110098494
35.412702230121596,0.007203744222789057,9.999998266429392,9.999997976706492
35.7127647009741,0.012441354134041245,9.999999999999998,9.999357030587158
36.01265618945371,0.022575258582244045,9.999999999999998,9.99929279328302
36.31235308040656,0.03828170709511505,9.999994762957755,9.999996776327002
36.612049971359404,0.053988155607985686,10.0,9.999254500832691
36.91133765064503,0.07554660360222011,10.0,9.9993471526407
37.210303827201365,0.1017027548285885,9.99998814032973,9.999974471079238
37.509270003757706,0.1278589060549575,10.0,9.999179959208227
37.80752190597749,0.1608109236395149,10.0,9.999414332823994
38.1053931239034,0.19738491033816027,9.999973705000304,9.99993085790247
38.40326434182929,0.23395889703680478,10.0,9.999101189321172
38.70004996638058,0.2782572819639594,9.999987518249238,9.999477597741798
38.99646331548055,0.3252045443658793,9.999948428656705,9.999864871452504
39.292876664580504,0.3721518067677982,10.000000000000002,9.999018683173919
39.5877675844119,0.42773319460225884,9.99978034404642,9.99953700741756
39.88236193067902,0.48499653469988696,9.999758582757925,9.999774496032881
40.17695627694615,0.5422598747975165,10.0,9.998940615239842
40.46952674196347,0.6090448275609722,9.999470325062886,9.99960516044845
40.76194316756561,0.6765544787951412,9.999328082035873,9.999661096808248
41.05430488936374,0.7442835350034062,10.0,9.998912255687596
41.34418712992961,0.8219572472631528,9.99942915857375,9.999713645283537
41.63406937049546,0.8996309595228977,9.999608358158897,9.999566714480043
41.92362273926237,0.9784515840444603,10.000000000000002,9.99897300940234
42.21061761793475,1.0661947238761118,9.999889151215957,9.999820432115417
42.49761249660713,1.1539378637077655,9.9999089097287,9.999509815237976
42.78393985450545,1.2437354212364597,10.0,9.999057803928835
43.067697712232864,1.3414410871399298,9.999961778617715,9.999898552138532
43.35145556996027,1.4391467530433975,10.0,9.999448454349437
43.63414387836238,1.5397909815671602,10.0,9.999138468261336
43.91431899990473,1.6473401342389438,9.999981625385248,9.99995399816976
44.19449412144708,1.75488928691073,10.0,9.999383501299638
44.4731355423681,1.866234481827456,9.999999999999998,9.99921554665651
44.749386577497454,1.9834960891917048,9.999992035723638,9.999987435373981
45.025637612626824,2.1007576965559562,10.000000000000002,9.99931494114259
45.299830082887034,2.2226429163177825,10.0,9.999289025162424
45.57182046227032,2.3494741131686885,9.999994101029817,9.999994341968726
45.843810841653585,2.4763053100195918,9.999999999999998,9.999242777012487
46.113158638976415,2.6085546030207376,10.0,9.999358900784953
46.38055698423322,2.744800865081783,9.999986352832412,9.9999687037081
46.647955329490046,2.8810471271428315,10.000000000000002,9.99916701188727
46.912069629753084,3.0234697795370638,10.000000000000002,9.99942517044526
47.17455015718931,3.1689651117250586,9.999970306922332,9.999921386852918
47.437030684625526,3.31446044391305,10.000000000000002,9.999087654489614
47.695530109494236,3.466851248018127,9.999970582818136,9.999487840612726
47.9527730270192,3.6214183866826346,9.99993779730757,9.999851601510052
48.21001594454417,3.775985525347146,10.0,9.999004428540305
48.46252709873082,3.938125068265216,9.999726251456261,9.99954645747265
48.714218995474766,4.1015756971570205,9.999676495880458,9.999756177546702
48.96591089221871,4.265026326048821,10.0,9.998931850871848
49.21206888962371,4.436681298104232,9.999425586020385,9.999623144482022
49.45790311778062,4.608816277809662,9.99937281419659,9.9996438984352
49.7035092755145,4.781265169521947,10.0,9.998921330477572
49.94318632394521,4.961874780083597,9.999546253206324,9.999733603214295
50.18286337237593,5.1424843906452455,9.99966244510859,9.999557478711143
50.42170618288367,5.324161777055681,10.0,9.998987483662697
50.654934042024095,5.513025973483855,9.999914986578883,9.999835115680794
50.88816190116454,5.7018901699120335,9.999941417761553,9.999499793190436
51.11989718341958,5.8925331502055895,9.999999999999998,9.999071558519736
51.34639170104937,6.0894218305692505,9.999965887969665,9.999909402994694
51.57288621867915,6.286310510932907,9.999999999999998,9.999437831545464
51.79717993372919,6.485643430184303,9.999999999999998,9.999151623306117
52.0166651611674,6.690316715954788,9.999983941442805,9.999961106549987
52.236150388605616,6.8949900017252785,10.000000000000002,9.999372274404244
52.45267910954237,7.102724839600936,10.0,9.999228099240653
52.66488763784849,7.31493336790705,9.999993078502033,9.99999094844644
52.877096166154594,7.527141896213157,10.0,9.999303110675488
53.08554753327144,7.7429786729048935,9.999999999999998,9.99930097477367
53.29022081904193,7.962463900343102,9.999993248236754,9.999991517462401
53.49489410481242,8.181949127781316,9.999999999999998,9.99923034346862
53.69496726532063,8.405576326609955,10.0,9.999370246918383
53.891855945684284,8.632070844239744,9.999984330535847,9.999962318378927
54.088744626047934,8.858565361869529,9.999999999999998,9.999153975769095
54.28015065774402,9.089660367974156,10.0,9.999435912569924
54.469014854172194,9.322888227114587,9.999966590382094,9.999911284837294
54.65787905060038,9.556116086255024,10.0,9.999074018695584
54.84034136889843,9.794345640761167,9.999946500756998,9.99949798212096
55.020950979460075,10.03402268919188,9.999918940013504,9.999837684464124
55.20156059002173,10.2736997376226,10.000000000000004,9.99899007311618
55.37481533778814,10.5187204066617,9.999672161448377,9.999555809202686
55.546950317493575,10.764554634818609,9.999567287763577,9.999737108477074
55.719085297199,11.010388862975514,9.999999999999996,9.998922945364406
55.88288171684995,11.261847520907372,9.999380850122957,9.999640770400598
56.04633234574175,11.513539417651314,9.999417549526822,9.999626337265873
56.20931662331588,11.765522723040903,10.0,9.998930261567486
56.36388376198038,12.02276564056587,9.999658958561222,9.9997528074051
56.51845090064489,12.280008558090845,9.999716534652658,9.999548144641963
56.67170434647384,12.538009936528056,10.000000000000002,9.999001857188055
56.81719967866184,12.800490463964278,9.999934769732814,9.999849149235517
56.96269501084983,13.062970991400496,9.99996678325724,9.999489669872998
57.1059971610397,13.326617654390471,10.0,9.999085212406005
57.242243423100746,13.594015999647286,9.999969663154564,9.999919618758922
57.378489685161796,13.861414344904109,10.0,9.999427107590206
57.51163426049775,14.130325483856272,10.000000000000004,9.999164677536214
57.63846545734865,14.402315863239552,9.999986007134149,9.999967601607214
57.76529665419956,14.674306242622825,9.999999999999998,9.999360946427508
57.88809185007175,14.948093565415757,9.999999999999996,9.999240550913614
58.005353457436,15.224344600545114,9.999993959015818,9.999993877295314
58.12261506480025,15.500595635674479,10.000000000000004,9.999291179206525
58.234883820937185,15.778863913641356,10.0,9.999312823385573
58.34243297360897,16.059039035183712,9.999992235620867,9.99998810975284
58.44998212628075,16.339214156726065,10.000000000000002,9.999217809010812
58.551562375917484,16.621561781304404,10.000000000000004,9.999381491972741
58.64926804182095,16.90531963903181,9.999982060548373,9.999955320481261
58.74697370772442,17.189077496759225,10.0,9.999140838833211
58.8377186058613,17.475097045034914,9.999999999999998,9.999446553545326
58.92546174569295,17.7620919237073,9.99996254201235,9.999900548299168
59.0132048855246,18.04908680237967,9.999999999999996,9.999060282193746
59.09298301596095,18.338365610743683,9.999915275535413,9.999508022361171
59.17065672822069,18.628247851309542,9.999894314929174,9.999823117841974
59.24833044048044,18.9181300918754,9.999999999999996,9.998975616947872
59.31702600133663,19.21025083699992,9.999618074031076,9.999565062628358
59.384535652570804,19.502667262602063,9.999450193252951,9.999717286137844
59.45204530380497,19.79508368820421,10.0,9.998913896550475
59.50955827127593,20.089624974535166,9.999336117391556,9.99965803424117
59.566821611373555,20.38421932080228,9.99946228801579,9.999608417275303
59.6233839591822,20.678937270923225,10.0,9.998939051135224
59.67033122158412,20.97535062002319,9.999745581618349,9.99977126051349
59.71727848398604,21.271763969123143,9.999770626261425,9.999538712171582
59.76256326786891,21.56841096434185,9.999999999999998,9.999016129740408
59.799137254567555,21.866282182267753,9.99994747194948,9.999862535558568
59.8357112412662,22.16415340019366,9.999985008632937,9.999479449511396
59.86965389501282,22.4623011823572,10.000000000000002,9.999098775084475
59.895810046239184,22.76126735891354,9.999973112154045,9.999929190525052
59.92196619746555,23.060233535469877,10.000000000000002,9.99941605666868
59.944518311890626,23.35945173082986,10.0,9.999177148470544
59.96022476040349,23.6591486217827,9.999987923461052,9.99997388216406
59.975931208916364,23.958845512735554,10.000000000000004,9.999361460377562
59.98706059943469,24.258702238075585,10.0,9.999277099214357
59.99229820934595,24.55876470892809,9.999992470936036,9.999984226904939
59.997535819257195,24.858827179780583,10.000000000000002,9.999810458790222
60.00000000000023,25.158913853982764,10.000000000000002,9.999843245105826
60.00000000000023,25.459022032764526,9.99999739927331,9.999996539628166
60.00000000000023,25.75913021154629,9.999999793216181,9.99999981026256
60.00000000000023,26.059238390328037,9.999999986317635,9.999999985987225
60.00000000000023,26.3593465691098,9.999999999010116,9.999999999016481
60.00000000000023,26.659454747891562,9.999999999929365,9.999999999929244
60.00000000000023,26.959562926673325,9.999999999994927,9.999999999994927
60.00000000000023,27.259671105455073,9.999999999999638,9.99999999999963
60.00000000000023,27.559779284236836,9.999999999999972,9.999999999999972
60.00000000000023,27.859887463018598,10.0,10.0
60.00000000000023,28.159995641800347,10.0,10.0
60.00000000000023,28.46010382058211,10.0,10.0
60.00000000000023,28.76021199936387,10.0,10.0
60.00000000000023,29.060320178145634,10.0,10.0
60.00000000000023,29.360428356927383,10.0,10.0
60.00000000000023,29.660536535709145,10.0,10.0
60.00000000000023,29.960644714490908,10.0,10.0
60.00000000000023,30.26075289327267,10.0,10.0
60.00000000000023,30.56086107205442,10.0,10.0
60.00000000000023,30.86096925083618,10.0,10.0
60.00000000000023,31.161077429617944,10.0,10.0
60.00000000000023,31.461185608399706,10.0,10.0
60.00000000000023,31.761293787181454,10.0,10.0
60.00000000000023,32.06140196596322,10.0,10.0
60.00000000000023,32.36151014474498,10.0,10.0
60.00000000000023,32.661618323526746,10.0,10.0
60.00000000000023,32.961726502308494,10.0,10.0
60.00000000000023,33.26183468109026,10.0,10.0
60.00000000000023,33.56194285987202,10.0,10.0
60.00000000000023,33.86205103865378,10.0,10.0
60.00000000000023,34.16215921743553,10.0,10.0
60.00000000000023,34.46226739621729,10.0,10.0
60.00000000000023,34.762375574999055,10.0,10.0
60.00000000000023,35.0624837537808,10.0,10.0
60.00000000000023,35.362591932562566,10.0,10.0
60.00000000000023,35.66270011134433,10.0,10.0
60.00000000000023,35.96280829012609,10.0,10.0
60.00000000000023,36.26291646890784,10.0,10.0
60.00000000000023,36.5630246476896,10.0,10.0
60.00000000000023,36.863132826471364,10.0,10.0
60.00000000000023,37.16324100525313,10.0,10.0
60.00000000000023,37.463349184034875,10.0,10.0
60.00000000000023,37.76345736281664,10.0,10.0
60.00000000000023,38.0635655415984,10.0,10.0
60.00000000000023,38.36367372038016,10.0,10.0
60.00000000000023,38.66378189916191,10.0,10.0
60.00000000000023,38.963890077943674,10.0,10.0
60.00000000000023,39.263998256725436,10.0,10.0
60.00000000000023,39.5641064355072,10.0,10.0
60.00000000000023,39.86421461428895,10.0,10.0
60.00000000000023,40.16432279307071,10.0,10.0
60.00000000000023,40.46443097185247,10.0,10.0
60.00000000000023,40.76453915063422,10.0,10.0
60.00000000000023,41.06464732941598,10.0,10.0
60.00000000000023,41.364755508197746,10.0,10.0
60.00000000000023,41.66486368697951,10.0,10.0
60.00000000000023,41.96497186576126,10.0,10.0
60.00000000000023,42.26508004454302,10.0,10.0
60.00000000000023,42.56518822332478,10.0,10.0
60.00000000000023,42.865296402106544,10.0,10.0
60.00000000000023,43.16540458088829,10.0,10.0
60.00000000000023,43.465512759670055,10.0,10.0
60.00000000000023,43.76562093845182,10.0,10.0
60.00000000000023,44.06572911723358,10.0,10.0
60.00000000000023,44.36583729601533,10.0,10.0
60.00000000000023,44.66594547479709,10.0,10.0
60.00000000000023,44.966053653578854,10.0,10.0
60.00000000000023,45.266161832360616,10.0,10.0
60.00000000000023,45.566270011142365,10.0,10.0
60.00000000000023,45.86637818992413,10.0,10.0
60.00000000000023,46.16648636870589,10.0,10.0
60.00000000000023,46.46659454748765,10.0,10.0
60.00000000000023,46.7667027262694,10.0,10.0
60.00000000000023,47.06681090505116,10.0,10.0
60.00000000000023,47.366919083832926,10.0,10.0
60.00000000000023,47.667027262614674,10.0,10.0
60.00000000000023,47.96713544139644,10.0,10.0
60.00000000000023,48.2672436201782,10.0,10.0
60.00000000000023,48.56735179895996,10.0,10.0
60.00000000000023,48.86745997774171,10.0,10.0
60.00000000000023,49.16756815652347,10.0,10.0
60.00000000000023,49.467676335305235,10.0,10.0
60.00000000000023,49.767784514087,10.0,10.0
60.00000000000023,50.067892692868746,10.0,10.0
60.00000000000023,50.36800087165051,10.0,10.0
60.00000000000023,50.66810905043227,10.0,10.0
60.00000000000023,50.968217229214034,10.0,10.0
60.00000000000023,51.26832540799578,10.0,10.0
60.00000000000023,51.568433586777545,10.0,10.0
60.00000000000023,51.86854176555931,10.0,10.0
60.00000000000023,52.16864994434107,10.0,10.0
60.00000000000023,52.46875812312282,9.99999999999995,9.999999999999943
60.00000000000023,52.76886630190458,9.999999999999318,9.999999999999318
60.00000000000023,53.06897448068634,9.999999999990443,9.99999999999045
60.00000000000023,53.36908265946809,9.999999999867036,9.999999999866716
60.00000000000023,53.669190838249854,9.999999998132434,9.999999998148894
60.00000000000023,53.96929901703162,9.999999974259037,9.999999973406544
60.00000000000023,54.26940719581338,9.999999599762672,9.9999996436172
60.00000000000023,54.56951537459513,9.999995142855225,9.99999295884252
60.00000000000023,54.86962355337689,10.000000000000005,9.999814550316305
59.9970377728253,55.169705881193714,10.000000000000002,9.999828657859261
59.991800162914046,55.46976835204622,9.999981633221717,9.999956012480572
59.98656255300279,55.76983082289871,10.000000000000002,9.99919277894208
59.97443767641352,56.06965278509913,10.0,9.999426394594437
59.95873122790065,56.36934967605198,9.999972711981968,9.999927973065695
59.943024779387784,56.669046567004834,9.999999999999998,9.999095991826968
59.91947899853107,56.9681952784391,9.999982024450455,9.999481136166649
59.8933228473047,57.267161454995446,9.999946495403183,9.999860166555816
59.867166696078336,57.56612763155179,10.0,9.999013580248867
59.83223340616885,57.86417129365901,9.999760928120102,9.999540416760055
59.795659419470205,58.1620425115849,9.99973186777554,9.999768001144336
59.759085432771556,58.4599137295108,10.000000000000004,9.998937482392279
59.712814249932165,58.756422095396815,9.999454250694885,9.999611662595113
59.665866987530244,59.05283544449678,9.999344152843124,9.999654959853396
59.61863975744231,59.34919942773996,9.999999999999998,9.998915532713246
59.56137641734468,59.643793774007094,9.999471227918672,9.999720902601997
59.504113077247055,59.93838812027422,9.999627789987949,9.99956340760524
59.44562578393127,60.23272230725364,9.999999999999996,9.998978221244231
59.3781161326971,60.52513873285579,9.999899236491645,9.999825782529967
59.31060648146293,60.81755515845793,9.999921410948525,9.999506226216074
59.24094441595801,61.109434926908655,10.000000000000004,9.99906275720948
59.163270703698274,61.39931716747451,9.99996329428321,9.999902523883199
59.08559699143853,61.689199408040366,9.999999999999998,9.99944464947672
59.00486135508661,61.97820365600125,10.000000000000002,9.999143206152317
58.91711821525496,62.26519853467364,9.999982487239983,9.999956622891956
58.82937507542331,62.552193413346004,9.999999999999998,9.999379479383585
58.737682836677486,62.837905151998804,10.0,9.999220068109198
58.63997717077402,63.12166300972622,9.999992429913668,9.999988765131727
58.54227150487055,63.405420867453635,9.999999999999998,9.999310702368803
58.43975523412009,63.68742780820792,10.0,9.999293329991813
58.332206081448305,63.96760292975028,9.999993812194827,9.999993393955616
58.22465692877652,64.24777805129264,9.999999999999998,9.99923832155782
58.11146461141861,64.5256731863051,10.000000000000002,9.999362988808667
57.99420300405436,64.80192422143445,9.999985653838936,9.999966479852239
57.876941396690114,65.07817525656382,9.999999999999998,9.999162339931274
57.7532362247068,65.35155743188913,9.999999999999996,9.999429041471451
57.626405027855895,65.62354781127242,9.99996900902734,9.99991783027445
57.499573831004994,65.89553819065569,10.0,9.999082767072052
57.36553397333349,66.16401267123683,9.999962753098647,9.999491495865726
57.22928771127245,66.43141101649366,9.9999315934575,9.999846676064369
57.093041449211405,66.69880936175046,9.999999999999996,9.99899928258338
56.948859801225176,66.96198838746699,9.999706817931816,9.999549828638473
56.803364469037184,67.22446891490321,9.999640441259602,9.999749413026095
56.657869136849186,67.48694944233944,10.000000000000002,9.998928667696173
56.50375304929567,67.74445277434474,9.999409513134662,9.99962951847084
56.34918591063116,68.00169569186971,9.999388886151712,9.999637630681887
56.194240388627584,68.25870216924282,9.999999999999998,9.998924555626928
56.03078975973578,68.51039406598677,9.99958832229847,9.99974058943183
55.86733913084399,68.76208596273072,9.999681877872026,9.99955413652192
55.702716912783195,69.01298761260195,10.0,9.998992659318747
55.53058193307776,69.25882184075886,9.999922708439545,9.999840232285575
55.35844695337232,69.50465606891576,9.999951353243906,9.999496167783532
55.184386349551126,69.74909124925959,9.999999999999998,9.999076475621683
55.00377673898947,69.98876829769031,9.999967282085459,9.99991314620367
54.82316712842782,70.22844534612103,10.0,9.99943399033027
54.6399198782415,70.4660616446251,10.0,9.999156324978772
54.45105568181333,70.69928950376553,9.999984711635541,9.999963510439919
54.26219148538515,70.93251736290597,10.000000000000002,9.999368216170657
54.07002240228593,71.16297209285965,10.0,9.999232584440188
53.87313372192227,71.38946661048942,9.99999341281627,9.999992067657766
53.676245041558616,71.61596112811921,9.999999999999998,9.999298835612558
53.47543163979297,71.8389218107259,10.000000000000005,9.999305243318062
53.270758354022476,72.05840703816412,9.999992903533162,9.999990360576945
53.066085068251994,72.27789226560233,10.000000000000004,9.999225851756242
52.85691717189339,72.49303709804848,10.000000000000007,9.9993742986283
52.64470864358728,72.70524562635458,9.99998354427001,9.999959874928706
52.43250011528116,72.9174541546607,10.000000000000004,9.999149267589816
52.21527945009882,73.1244724632946,10.000000000000002,9.999439747256927
51.9957942226606,73.32914574906508,9.999965174772708,9.999907500657397
51.77630899522239,73.53381903483557,9.999999999999996,9.999069095094105
51.5513487639504,73.73241171282955,9.999936104277385,9.999501600992001
51.32485424632062,73.92930039319319,9.999910839020128,9.999832525921427
51.09835972869083,74.12618907355684,10.000000000000007,9.998984890958452
50.86598417028483,74.31606900244726,9.999652728852263,9.99955914504752
50.6327563111444,74.50493319887545,9.999525218625832,9.999730073628124
50.39952845200398,74.69379739530362,10.000000000000002,9.99891971095362
50.16007238549415,74.87468984982578,9.999364778372277,9.999647014762695
49.92039533706343,75.05529946038743,9.999433622615665,9.99961994014194
49.68036087036049,75.23541712690115,10.0,9.998933435621824
49.43452664220358,75.40755210660659,9.999693108416608,9.99975952346693
49.18869241404668,75.579687086312,9.999735968343053,9.999544767130294
48.94197740858105,75.75051625995756,9.999999999999995,9.999006996639986
48.6902855118371,75.91396688884937,9.999940683096964,9.999854032902759
48.43859361509316,76.07741751774117,9.999974151762698,9.99948600808484
48.18555461210903,76.2387123260025,9.999999999999996,9.999090093322902
47.928311694584046,76.39327946466702,9.999970940408362,9.999923134575775
47.671068777059084,76.54784660333152,10.0,9.999423230036552
47.41207130575846,76.69937476571202,9.999999999999993,9.999169342984487
47.14959077832224,76.84487009790001,9.99998669102087,9.999969786180538
46.88711025088603,76.990365430088,9.999999999999998,9.999356851880943
46.62252831334953,77.13190858468589,9.999999999999996,9.999244999854449
46.35512996809272,77.26815484674694,9.999994238310022,9.999994788010591
46.08773162283592,77.40440110880799,10.000000000000002,9.99928686785951
45.817947167142066,77.53575511947359,10.000000000000002,9.999317055639919
45.5459567877588,77.6625863163245,9.99999183013903,9.999986741963864
45.2739664083755,77.7894175131754,10.000000000000004,9.999213281046282
44.99936879064769,77.91039275682611,10.000000000000002,9.99938550736433
44.72311775551834,78.02765436419035,9.999981181665426,9.999952655934216
44.44686672038896,78.14491597155461,10.000000000000004,9.999136094436675
44.16785215651352,78.25533760525036,9.999999999999991,9.99945035188912
43.88767703497117,78.36288675792214,9.999961004026133,9.999896535383638
43.6075019134288,78.47043591059393,10.000000000000002,9.99905532241471
43.32447292120266,78.57014411800397,9.99990231354942,9.999511604846543
43.040715063475254,78.66784978390744,9.999883733252219,9.999817725336737
42.75695720574782,78.76555544981092,9.999999999999995,9.998970398607693
42.47032203822662,78.85440566673066,9.999598642370824,9.999568363160396
42.183327159554224,78.94214880656232,9.999408123872836,9.999709980023413
41.89633228088186,79.02989194639396,9.999999999999993,9.9989106101163
41.60650435171183,79.10775506499995,9.999320046783101,9.999664147538295
41.316622111145946,79.1854287772597,9.999478362221252,9.999601892192894
41.0265535977103,79.26235538984483,9.999999999999995,9.998942174862597
40.73413717210818,79.32986504107899,9.999770909887408,9.99977770741331
40.44172074650602,79.39737469231316,9.99979006137963,9.99953529940757
40.14894318213719,79.46318531923178,10.000000000000005,9.999021233156832
39.85434883587004,79.52044865932942,9.999949373300634,9.99986718688154
39.55975448960292,79.57771199942704,9.999989803208885,9.999475747133031
39.26469060006096,79.63231242728651,10.0,9.999103610301237
38.96827725096099,79.67925968968842,9.999974282558632,9.999932492276445
38.67186390186104,79.72620695209035,10.000000000000002,9.999412368473767
38.37493964797706,79.76951893806098,9.999999999999996,9.999182259868933
38.07706843005115,79.80609292475962,9.999988440441303,9.99997545470083
37.77919721212526,79.84266691145827,10.0,9.999345393639548
37.48084118984916,79.87462829287996,9.999999999999998,9.999257328706975
37.181875013292796,79.90078444410632,9.999994920297212,9.999996927846624
36.88290883673647,79.9269405953327,10.000000000000002,9.999274421218004
36.58355167352513,79.94750537689528,9.999999999999998,9.999328042215854
36.28385478257229,79.96321182540815,9.999990235711069,9.999981653533446
35.98415789161946,79.97891827392102,10.000000000000007,9.999220355940706
35.68423164000021,79.98805669229829,10.000000000000004,9.999432525463307
35.38416916914773,79.99329430220953,9.999997239161432,9.999995233988518
35.084106698295244,79.99853191212078,9.999999999999993,9.999770575721572
34.784011331322304,80.00000000000043,9.999999999999995,9.999893903329117
34.483903152540556,80.00000000000043,9.999999826830681,9.99999981196625
34.18379497375878,80.00000000000043,9.999999987226737,9.999999987514734
33.88368679497703,80.00000000000043,9.999999999102585,9.999999999097035
33.58357861619528,80.00000000000043,9.99999999993544,9.999999999935554
33.283470437413506,80.00000000000043,9.999999999995367,9.999999999995367
32.98336225863176,80.00000000000043,9.999999999999673,9.999999999999673
32.68325407985001,80.00000000000043,9.999999999999972,9.999999999999972
32.38314590106823,80.00000000000043,10.0,10.0
32.083037722286484,80.00000000000043,10.0,10.0
31.782929543504707,80.00000000000043,10.0,10.0
31.48282136472296,80.00000000000043,10.0,10.0
31.18271318594121,80.00000000000043,10.0,10.0
30.882605007159434,80.00000000000043,10.0,10.0
30.582496828377685,80.00000000000043,10.0,10.0
30.282388649595937,80.00000000000043,10.0,10.0
29.98228047081416,80.00000000000043,10.0,10.0
29.682172292032412,80.00000000000043,10.0,10.0
29.382064113250664,80.00000000000043,10.0,10.0
29.081955934468887,80.00000000000043,10.0,10.0
28.78184775568714,80.00000000000043,10.0,10.0
28.481739576905362,80.00000000000043,10.0,10.0
28.181631398123614,80.00000000000043,10.0,10.0
27.881523219341865,80.00000000000043,10.0,10.0
27.58141504056009,80.00000000000043,10.0,10.0
27.28130686177834,80.00000000000043,10.0,10.0
26.98119868299659,80.00000000000043,10.0,10.0
26.681090504214815,80.00000000000043,10.0,10.0
26.380982325433067,80.00000000000043,10.0,10.0
26.08087414665129,80.00000000000043,10.0,10.0
25.78076596786954,80.00000000000043,10.0,10.0
25.480657789087793,80.00000000000043,10.0,10.0
25.180549610306016,80.00000000000043,10.0,10.0
24.880441431524268,80.00000000000043,10.0,10.0
24.58033325274252,80.00000000000043,10.0,10.0
24.280225073960743,80.00000000000043,10.0,10.0
23.980116895178995,80.00000000000043,10.0,10.0
23.680008716397246,80.00000000000043,10.0,10.0
23.37990053761547,80.00000000000043,10.0,10.0
23.07979235883372,80.00000000000043,10.0,10.0
22.779684180051945,80.00000000000043,10.0,10.0
22.479576001270196,80.00000000000043,10.0,10.0
22.179467822488448,80.00000000000043,10.0,10.0
21.87935964370667,80.00000000000043,10.0,10.0
21.579251464924923,80.00000000000043,10.0,10.0
21.279143286143174,80.00000000000043,10.0,10.0
20.979035107361398,80.00000000000043,10.0,10.0
20.67892692857965,80.00000000000043,10.0,10.0
20.378818749797873,80.00000000000043,10.0,10.0
20.078710571016124,80.00000000000043,10.0,10.0
19.778602392234376,80.00000000000043,10.0,10.0
19.4784942134526,80.00000000000043,10.0,10.0
19.17838603467085,80.00000000000043,10.0,10.0
18.878277855889102,80.00000000000043,10.0,10.0
18.578169677107326,80.00000000000043,10.0,10.0
18.278061498325577,80.00000000000043,10.0,10.0
17.97795331954383,80.00000000000043,10.0,10.0
17.677845140762052,80.00000000000043,10.0,10.0
17.377736961980304,80.00000000000043,10.0,10.0
17.077628783198527,80.00000000000043,10.0,10.0
16.77752060441678,80.00000000000043,10.0,10.0
16.47741242563503,80.00000000000043,10.0,10.0
16.177304246853254,80.00000000000043,10.0,10.0
15.877196068071507,80.00000000000043,10.0,10.0
15.577087889289764,80.00000000000043,10.0,10.0
15.276979710507993,80.00000000000043,10.0,10.0
14.97687153172625,80.00000000000043,10.0,10.0
14.676763352944478,80.00000000000043,10.0,10.0
14.376655174162735,80.00000000000043,10.0,10.0
14.076546995380992,80.00000000000043,10.0,10.0
13.77643881659922,80.00000000000043,10.0,10.0
13.476330637817478,80.00000000000043,10.0,10.0
13.176222459035735,80.00000000000043,10.0,10.0
12.876114280253963,80.00000000000043,10.0,10.0
12.57600610147222,80.00000000000043,10.0,10.0
12.275897922690449,80.00000000000043,10.0,10.0
11.975789743908706,80.00000000000043,10.0,10.0
11.675681565126963,80.00000000000043,10.0,10.0
11.375573386345192,80.00000000000043,10.0,10.0
11.075465207563449,80.00000000000043,10.0,10.0
10.775357028781706,80.00000000000043,10.0,10.0
10.475248849999934,80.00000000000043,10.0,10.0
10.175140671218191,80.00000000000043,10.0,10.0
9.875032492436448,80.00000000000043,10.0,10.0
9.574924313654677,80.00000000000043,10.0,10.0
9.274816134872934,80.00000000000043,10.0,10.0
8.974707956091162,80.00000000000043,10.0,10.0
8.67459977730942,80.00000000000043,10.0,10.0
8.374491598527676,80.00000000000043,10.0,10.0
8.074383419745905,80.00000000000043,10.0,10.0
7.774275240964162,80.00000000000043,9.999999999999986,9.999999999999986
7.474167062182419,80.00000000000043,9.999999999999886,9.999999999999886
7.174058883400647,80.00000000000043,9.999999999998366,9.999999999998366
6.873950704618904,80.00000000000043,9.999999999977291,9.999999999977277
6.573842525837133,80.00000000000043,9.999999999682588,9.999999999683737
6.27373434705539,80.00000000000043,9.999999995598133,9.999999995537841
5.973626168273647,80.00000000000043,9.999999935721734,9.999999938842997
5.6735179894918755,80.00000000000043,9.999999155982268,9.999998996386163
5.3734098107101325,80.00000000000043,9.99998087972739,9.999988622947557
5.0733016319283895,80.00000000000043,9.999750681859041,9.999999999999998
4.7732279968822775,80.00395832003875,9.999861750520084,9.999996732211754
4.473165526029784,80.00919592995,9.999851077005161,9.999941780219663
4.17310305517729,80.01443353986126,9.999010930767007,10.000000000000004
3.873350619256064,80.02854938859159,9.9995448412517,9.999748209711997
3.5736537283032264,80.04425583710446,9.999761513068336,9.999702209272069
3.2739568373503602,80.05996228561733,9.998934283322823,10.000000000000002
2.974947093767435,80.08549539933652,9.99961810022023,9.999438048141615
2.675980917211107,80.1116515505629,9.9996487733776,9.999360221595749
2.3770505365859886,80.13814827732503,9.998918789421362,10.0
2.0791793186601004,80.17472226402367,9.999728062719974,9.99951329964288
1.7813081007342118,80.21129625072231,9.999560088093313,9.999647222200812
1.4836191246875374,80.24916695577068,9.998983420118716,9.999999999999996
1.1872057755875831,80.2961142181726,9.999831048839779,9.99990839855009
0.8907924264876008,80.34306148057453,9.999502624120511,9.999932990508498
0.5947743826654475,80.39225063061164,9.99906769749214,10.000000000000005
0.30018003639833346,80.44951397070926,9.999906413392251,9.999964765748192
0.00558569013119159,80.50677731080688,9.999440831546597,9.999999999999993
-0.2883342981453474,80.56721325581154,9.999147931031638,9.999999999999991
-0.5807507237474789,80.63472290704571,9.999959168104644,9.999983315550368
-0.8731671493496381,80.70223255827989,9.99937544441899,9.999999999999996
-1.1645649644529426,80.77382763308144,9.999224576537648,10.000000000000005
-1.454447205018789,80.85150134534119,9.999990019015957,9.999992802014539
-1.7443294455846632,80.92917505760094,9.999306450556627,9.999999999999998
-2.03278457273951,81.01182570578321,9.99929762178547,9.999999999999993
-2.3197794514119088,81.09956884561485,9.999992371140275,9.99999350383337
-2.6067743300842805,81.18731198544651,9.999233853076001,10.000000000000005
-2.891870449491538,81.28089890540946,9.999367063786236,10.0
-3.175628307218971,81.37860457131293,9.999964177279027,9.999984924109603
-3.459386164946376,81.4763102372164,9.999157654960444,9.999999999999998
-3.740711738052853,81.58069855019355,9.999432899442324,10.000000000000007
-4.0208868595952225,81.68824770286534,9.999914192058144,9.999967669385898
-4.301061981137565,81.79579685553712,9.999077866653742,9.999999999999995
-4.578210830241475,81.91083629533621,9.999495138048001,9.999954001065236
-4.854461865370829,82.02809790270045,9.999841666974556,9.999924765383836
-5.130712900500183,82.1453595100647,9.998994123618287,10.000000000000004
-5.403284780890618,82.2708846342695,9.999553187113381,9.999687384740032
-5.675275160273883,82.39771583112041,9.99974255149348,9.999600243714342
-5.947265539657149,82.5245470279713,9.998925466202797,10.000000000000004
-6.214866703496652,82.66037745031316,9.999635846052128,9.999393440655874
-6.482265048753462,82.7966237123742,9.999631316284853,9.999404958515
-6.749426617744061,82.93331528582547,9.998927762329394,10.000000000000005
-7.011907145180297,83.07881061801348,9.999747478478147,9.999629489181995
-7.274387672616508,83.22430595020147,9.999550781643135,9.99970131096937
-7.536132521669694,83.37107551472694,9.99899782196965,10.000000000000002
-7.793375439194656,83.52564265339144,9.999845265099212,9.99992972452305
-8.050618356719617,83.68020979205595,9.999492529305284,9.999960366612232
-8.306569136498196,83.83684478337231,9.999081379723949,10.000000000000007
-8.558261033242132,84.00029541226411,9.999916807581831,9.999968633668727
-8.809952929986068,84.1637460411559,9.99943013605909,10.000000000000005
-9.059740563736492,84.33001985603572,9.999161013637583,10.0
-9.30557479189339,84.50215483574115,9.999965835356386,9.999985450201146
-9.551409020050313,84.6742898154466,9.99936414489018,9.999999999999996
-9.79467322300412,84.84996213137671,9.999237056613474,9.999999999999998
-10.03435027143483,85.03057174193836,9.999993111719881,9.999993726820895
-10.274027319865564,85.21118135250002,9.999294547513063,9.999999999999995
-10.510417106365937,85.39599846646223,9.999309498824905,10.0
-10.74364496550636,85.58486266289039,9.999989128147224,9.999992537573087
-10.976872824646808,85.77372685931859,9.999221347018706,10.0
-11.206047002299107,85.96742204522346,9.999378337290421,9.999999999999995
-11.432541519928911,86.16431072558713,9.999957352212896,9.999982725340756
-11.659036037558693,86.36119940595079,9.99914454639784,10.0
-11.880663687722036,86.56349329023067,9.999443568887157,9.999999999999996
-12.10014891516026,86.76816657600118,9.999903634426202,9.999963715725569
-12.31963414259846,86.97283986177166,9.99906415849418,10.000000000000004
-12.533395086553972,87.1834408166132,9.999505206790992,9.999924785925128
-12.745603614860096,87.39564934491932,9.999827283419362,9.999901922690283
-12.957812143166201,87.60785787322543,9.998979695799113,10.000000000000002
-13.163397393317144,87.82646242689839,9.999562468204381,9.999633296591504
-13.36807067908764,88.0459476543366,9.999722941425825,9.999483149398733
-13.57274396485812,88.26543288177481,9.998916457943581,9.999999999999996
-13.769856160337847,88.49172614549015,9.999653212202993,9.999348707031197
-13.9667448407015,88.71822066311992,9.999613496884514,9.999449696110029
-14.163123150721724,88.94514343231664,9.998936591508102,10.0
-14.35198734714991,89.17837129145708,9.999766142706891,9.99972376301219
-14.540851543578077,89.41159915059751,9.99954137692615,9.999755402364658
-14.728428720190873,89.64583253982072,9.999012123080208,9.999999999999998
-14.909038330752532,89.88550958825144,9.999858833101454,9.99994594770255
-15.089647941314174,90.12518663668214,9.999482333226691,9.999980597728339
-15.268153895718973,90.36639208077514,9.999094961237875,10.000000000000002
-15.440288875424397,90.61222630893204,9.999926568985593,9.999972176847765
-15.61242385512982,90.85806053708893,9.999419339428382,10.000000000000004
-15.781601431956382,91.10588955867539,9.999173995416763,9.999999999999998
-15.94505206084818,91.35758145541932,9.999971892343307,9.999987345217352
-16.10850268973998,91.60927335216327,9.99935274428915,10.000000000000002
-16.26810802868853,91.86336805274198,9.999249435767084,10.000000000000002
-16.422675167353038,92.12061097026694,9.999995624340086,9.999994498955367
-16.577242306017542,92.3778538877919,9.999282543477761,9.999999999999998
-16.727045184949592,92.63784745195592,9.99932127485495,10.000000000000004
-16.87254051713758,92.90032797939213,9.999985297926365,9.999991401573359
-17.01803584932558,93.16280850682837,9.999208740058602,9.999999999999998
-17.157820008331463,93.42832571891135,9.999389509706528,10.000000000000002
-17.294066270392506,93.69572406416816,9.999949911599373,9.999980268216447
-17.43031253245356,93.963122409425,9.999131337029695,10.000000000000002
-17.559875978448797,94.23378018186048,9.99945413717474,10.000000000000002
-17.6867071752997,94.50577056124375,9.999892440021691,9.999959420961646
-17.81353837215061,94.77776094062705,9.999050349639539,9.999999999999998
-17.932693663579833,95.05316885328976,9.999515174258546,9.999888430160675
-18.049955270944093,95.32941988841914,9.999812248570088,9.99987208292758
-18.167216878308338,95.60567092354849,9.998965167272525,10.0
-18.275791389562922,95.88543177333248,9.999571651007404,9.999579211048644
-18.383340542234713,96.16560689487486,9.999702576228596,9.9993660544101
-18.490889694906492,96.4457820164172,9.998907304796367,10.0
-18.588725860089824,96.72949237629113,9.999670213391996,9.999303976587083
-18.686431525993296,97.01325023401857,9.99959532148128,9.999494436839319
-18.783349587767724,97.29726399984033,9.99894528069946,9.999999999999998
-18.871092727599375,97.5842588785127,9.999784057848403,9.999793686215394
-18.958835867431034,97.8712537571851,9.999531873870028,9.999809290714493
-19.044853401778578,98.15874344526767,9.999026323368225,10.0
-19.12252711403833,98.44862568583355,9.999871755390012,9.999951226049935
-19.200200826298072,98.73850792639941,9.999472035896359,9.999993680638132
-19.27519442958655,99.02905839318247,9.999108442017103,9.999999999999998
-19.34270408082072,99.32147481878462,9.999935700942233,9.999975408730995
-19.410213732054885,99.61389124438675,9.999408441665862,10.000000000000002
-19.474075707284634,99.90708300745845,9.99918687635242,10.0
-19.531339047382264,100.2016773537256,9.999977343505442,9.999989015630316
-19.58860238747989,100.4962716999927,9.999341242632347,10.0
-19.641240895390187,100.79168152895572,9.999261713990506,10.000000000000002
-19.688188157792105,101.08809487805568,9.999997562904342,9.99999513083995
-19.73513542019402,101.38450822715564,9.999270438273898,10.0
-19.776474608252418,101.68170973970493,9.999332949496212,10.0
-19.81304859495106,101.97958095763082,9.999980874660485,9.999990081314143
-19.849622581649705,102.2774521755567,9.99919604233708,9.999999999999998
-19.879602690746466,102.5760164379454,9.99940059942125,9.999999999999998
-19.905758841972837,102.87498261450173,9.999941895052608,9.999977552085095
-19.931914993199207,103.1739487910581,9.999117492814477,9.999999999999998
-19.95049244189931,103.47344492212075,9.999463682393364,9.99999864822248
-19.966198890412183,103.7731418130736,9.999877216428304,9.99995373005331
-19.981905338925053,104.07283870402647,9.999064020055231,10.0
-19.98905278516125,104.37283448192488,9.999570014644872,9.99987128443827
-19.9942903950725,104.67289695277736,9.999956742253907,9.999975891337728
-19.999528004983752,104.97295942362989,9.999725800545523,10.0
-19.999999999999996,105.2730634833735,9.999935238059022,9.999991518022842
-19.999999999999996,105.57317166215523,9.99999937345479,9.999999271314952
-19.999999999999996,105.87327984093699,9.999999952665329,9.999999954658065
-19.999999999999996,106.17338801971871,9.999999996737579,9.999999996699108
-19.999999999999996,106.47349619850047,9.999999999764889,9.999999999765633
-19.999999999999996,106.7736043772822,9.99999999998317,9.999999999983158
-19.999999999999996,107.07371255606392,9.999999999998792,9.999999999998792
-19.999999999999996,107.37382073484568,9.999999999999911,9.999999999999913
-19.999999999999996,107.6739289136274,9.999999999999993,9.999999999999993
-19.999999999999996,107.97403709240913,10.0,10.0
-19.999999999999996,108.27414527119089,10.0,10.0
-19.999999999999996,108.57425344997262,10.0,10.0
-19.999999999999996,108.87436162875437,10.0,10.0
-19.999999999999996,109.1744698075361,10.0,10.0
-19.999999999999996,109.47457798631783,10.0,10.0
-19.999999999999996,109.77468616509958,10.0,10.0
-19.999999999999996,110.07479434388131,10.0,10.0
-19.999999999999996,110.37490252266304,10.0,10.0
-19.999999999999996,110.67501070144479,10.0,10.0
-19.999999999999996,110.97511888022652,10.0,10.0
-19.999999999999996,111.27522705900824,10.0,10.0
-19.999999999999996,111.57533523779,10.0,10.0
-19.999999999999996,111.87544341657173,10.0,10.0
-19.999999999999996,112.17555159535348,10.0,10.0
-19.999999999999996,112.47565977413521,10.0,10.0
-19.999999999999996,112.77576795291694,10.0,10.0
-19.999999999999996,113.07587613169869,10.0,10.0
-19.999999999999996,113.37598431048042,10.0,10.0
-19.999999999999996,113.67609248926215,10.0,10.0
-19.999999999999996,113.9762006680439,10.0,10.0
-19.999999999999996,114.27630884682563,10.0,10.0
-19.999999999999996,114.57641702560738,10.0,10.0
-19.999999999999996,114.87652520438911,10.0,10.0
-19.999999999999996,115.17663338317084,10.0,10.0
-19.999999999999996,115.4767415619526,10.0,10.0
-19.999999999999996,115.77684974073432,10.0,10.0
-19.999999999999996,116.07695791951605,10.0,10.0
-19.999999999999996,116.3770660982978,10.0,10.0
-19.999999999999996,116.67717427707953,10.0,10.0
-19.999999999999996,116.97728245586126,10.0,10.0
-19.999999999999996,117.27739063464301,10.0,10.0
-19.999999999999996,117.57749881342474,10.0,10.0
-19.999999999999996,117.8776069922065,10.0,10.0
-19.999999999999996,118.17771517098822,10.0,10.0
-19.999999999999996,118.47782334976995,10.0,10.0
-19.999999999999996,118.7779315285517,10.0,10.0
-19.999999999999996,119.07803970733343,10.0,10.0
-19.999999999999996,119.37814788611516,10.0,10.0
-19.999999999999996,119.67825606489691,10.0,10.0
-19.999999999999996,119.97836424367864,10.0,10.0
-19.999999999999996,120.2784724224604,10.0,10.0
-19.999999999999996,120.57858060124212,10.0,10.0
-19.999999999999996,120.87868878002385,10.0,10.0
-19.999999999999996,121.1787969588056,10.0,10.0
-19.999999999999996,121.47890513758733,10.0,10.0
-19.999999999999996,121.77901331636906,10.0,10.0
-19.999999999999996,122.07912149515082,10.0,10.0
-19.999999999999996,122.37922967393254,10.0,10.0
-19.999999999999996,122.6793378527143,10.0,10.0
-19.999999999999996,122.97944603149602,10.0,10.0
-19.999999999999996,123.27955421027775,10.0,10.0
-19.999999999999996,123.57966238905951,10.0,10.0
-19.999999999999996,123.87977056784123,10.0,10.0
-19.999999999999996,124.17987874662296,10.0,10.0
-19.999999999999996,124.47998692540472,10.0,10.0
-19.999999999999996,124.78009510418644,10.0,10.0
-19.999999999999996,125.08020328296817,10.0,10.0
-19.999999999999996,125.38031146174993,10.0,10.0
-19.999999999999996,125.68041964053165,10.0,10.0
-19.999999999999996,125.98052781931341,10.0,10.0
-19.999999999999996,126.28063599809514,10.0,10.0
-19.999999999999996,126.58074417687686,10.0,10.0
-19.999999999999996,126.88085235565862,10.0,10.0
-19.999999999999996,127.18096053444035,10.0,10.0
-19.999999999999996,127.48106871322207,10.0,10.0
-19.999999999999996,127.78117689200383,10.0,10.0
-19.999999999999996,128.08128507078555,10.0,10.0
-19.999999999999996,128.3813932495673,10.0,10.0
-19.999999999999996,128.68150142834904,10.0,10.0
-19.999999999999996,128.98160960713076,10.0,10.0
-19.999999999999996,129.28171778591252,10.0,10.0
-19.999999999999996,129.58182596469425,10.0,10.0
-19.999999999999996,129.88193414347597,10.0,10.0
-19.999999999999996,130.18204232225773,10.0,10.0
-19.999999999999996,130.48215050103946,10.0,10.0
-19.999999999999996,130.78225867982118,10.0,10.0
-19.999999999999996,131.08236685860294,10.0,10.0
-19.999999999999996,131.38247503738467,10.0,10.0
-19.999999999999996,131.68258321616642,10.0,10.0
-19.999999999999996,131.98269139494815,9.999999999999996,9.999999999999998
-19.999999999999996,132.28279957372987,9.999999999999982,9.999999999999984
-19.999999999999996,132.58290775251163,9.999999999999783,9.999999999999783
-19.999999999999996,132.88301593129336,9.999999999996962,9.999999999996962
-19.999999999999996,133.18312411007508,9.999999999957684,9.99999999995774
-19.999999999999996,133.48323228885684,9.999999999411553,9.999999999408605
-19.999999999999996,133.78334046763857,9.9999999916585,9.999999991811475
-19.999999999999996,134.08344864642032,9.999999886335901,9.999999878429366
-19.999999999999996,134.38355682520205,9.999998034804285,9.999998436451747
-19.999999999999996,134.68366500398378,9.999979152296765,9.999960197566027
-19.999999999999996,134.98377318276553,10.000000000000002,9.999685458528232
-20.00495441290171,135.2838381250409,9.999957968849383,9.999902199456752
-20.010192022812966,135.58390059589337,9.999413152531316,9.999677257185118
-20.01583000508275,135.88394908543503,10.000000000000002,9.998945457628363
-20.031536453595624,136.18364597638788,9.999518508910592,9.999730599950928
-20.047242902108493,136.48334286734072,9.999665947308038,9.999556012709768
-20.064313645976675,136.78294435746884,10.0,9.998988139495435
-20.090469797203042,137.08191053402516,9.999916882255953,9.999836297427626
-20.116625948429412,137.3808767105815,9.999943651969396,9.99949902386498
-20.14510394751648,137.67959885109403,9.999999999999998,9.999072633664603
-20.18167793421512,137.97747006901992,9.999966193321258,9.999910219894835
-20.21825192091377,138.27534128694583,10.0,9.999437000261624
-20.25809542387436,138.57275300432718,9.999999999999998,9.999152642729852
-20.305042686276277,138.86916635342715,9.99998411100606,9.999961634008447
-20.3519899486782,139.1655797025271,10.000000000000004,9.999371396412396
-20.403141018664478,139.46125180692823,10.000000000000002,9.99922907194432
-20.46040435876211,139.75584615319536,9.999993152676668,9.999991197282455
-20.517667698859732,140.0504404994625,9.999999999999998,9.9993021857066
-20.580052295553255,140.34394628903613,10.0,9.999301900542669
-20.647561946787427,140.6363627146383,9.99999317533755,9.999991273251627
-20.715071598021595,140.9287791402404,9.999999999999996,9.999229371567742
-20.7885996821198,141.2196950019963,10.000000000000004,9.999371125717081
-20.86627339437955,141.5095772425622,9.999984162949639,9.999961795788403
-20.943947106639296,141.79945948312803,9.999999999999996,9.999152956975546
-21.028512766651914,142.08736548947687,10.000000000000002,9.999436744357343
-21.116255906483573,142.37436036814927,9.999966287384584,9.999910472053267
-21.203999046315225,142.66135524682164,9.999999999999995,9.999072953235531
-21.299480647495315,142.9458357469834,9.99994432687314,9.999498767159078
-21.39718631339878,143.2295936047108,9.999917250445483,9.999836574125794
-21.494891979302245,143.5133514624382,9.999999999999995,9.998988951647357
-21.601152334506097,143.7939956678969,9.999667951881872,9.999556532898431
-21.708701487177876,144.07417078943925,9.999558174648332,9.999735592824534
-21.816250639849656,144.35434591098158,10.000000000000002,9.998922246291153
-21.93313720208991,144.63074847417693,9.999377368585003,9.999642127041971
-22.050398809454155,144.90699950930627,9.999421031285502,9.99962495542827
-22.168174296393786,145.1830217505079,9.999999999999995,9.998930950685708
-22.295005493244688,145.45501212989117,9.999666673512976,9.99975427047703
-22.42183669009559,145.72700250927443,9.999720744399632,9.999547414073742
-22.550042611897666,145.99832239049874,9.999999999999998,9.999002971613027
-22.686288873958706,146.26572073575554,9.999936099257464,9.999850214235998
-22.822535136019745,146.53311908101236,9.999968457710246,9.99948887775619
-22.960985705063017,146.79934537545645,9.999999999999993,9.999086270825709
-23.106481037251008,147.06182590289268,9.999969943331072,9.999920387279156
-23.251976369439014,147.32430643032893,10.000000000000005,9.99942626873243
-23.400471217412925,147.5850551865187,9.999999999999991,9.999165689281766
-23.555038356077446,147.8422981040437,9.999986157833794,9.999968081498446
-23.709605494741954,148.09954102156865,10.0,9.999360060563395
-23.867929955371096,148.35443610375265,10.000000000000005,9.999241515759822
-24.03138058426289,148.60612800049657,9.999994021128517,9.999994080902436
-24.194831213154686,148.85781989724052,10.000000000000009,9.99929024637764
-24.362756624853528,149.10649351487015,10.000000000000009,9.999313741293534
-24.53489160455895,149.35232774302705,9.999992149709303,9.99998781991604
-24.707026584264373,149.59816197118394,10.000000000000002,9.999216829256712
-24.884310612303402,149.8402551967477,9.999999999999995,9.999382362904207
-25.064920222865045,150.0799322451784,9.999981873061163,9.999954750040953
-25.245529833426684,150.31960929360912,9.999999999999991,9.999139812193983
-25.431916811164804,150.55477256810588,9.999999999999995,9.999447377460088
-25.620781007592974,150.7880004272463,9.999962212645388,9.999899685999711
-25.80964520402114,151.0212282863867,10.000000000000005,9.999059208896632
-26.004866492731683,151.24912191173763,9.999912545865726,9.99950879951744
-26.20175517309533,151.4756164293674,9.999892108200614,9.999821956847942
-26.39864385345901,151.7021109469972,9.999999999999995,9.998974487640561
-26.60241822025314,151.92240556471722,9.99961386466708,9.999565778674299
-26.807091506023617,152.1418907921554,9.999441080084758,9.999715711751113
-27.011764791794093,152.36137601959362,10.0,9.998913186231905
-27.22379880511857,152.5737530750585,9.999332636100647,9.99965936253492
-27.436007333424673,152.78596160336463,9.999465770008959,9.9996070076751
-27.648719076456192,152.9976490375683,10.000000000000009,9.998939729325302
-27.86820430389439,153.20232232333876,9.999751299486675,9.999772665254243
-28.087689531332593,153.40699560910923,9.99977483671647,9.999537974028467
-28.30830653729967,153.61041192748152,9.999999999999991,9.999017236506328
-28.534801054929446,153.80730060784518,9.999947887841266,9.999863549950968
-28.761295572559263,154.00418928820886,9.999986121008147,9.99947864529906
-28.98949889405734,154.19904149542342,9.999999999999993,9.999099816150094
-29.22272675319776,154.38790569185156,9.999973373101946,9.999929922145496
-29.455954612338186,154.57676988827973,9.99999999999999,9.999415435766194
-29.69141451356506,154.76277720111665,9.999999999999998,9.999178634832266
-29.93109156199581,154.94338681167832,9.999987970422033,9.999973920304662
-30.170768610426514,155.12399642223994,9.999999999999996,9.999348623652677
-30.413145031909504,155.3008906645358,9.999999999999996,9.999253858650805
-30.6589792600664,155.47302564424126,9.999994741510738,9.999996386568126
-30.904813488223294,155.64516062394668,10.000000000000012,9.999278206061947
-31.153756525930536,155.8126866039542,10.000000000000002,9.99932548102999
-31.405448422674517,155.97613723284604,9.999990949250247,9.999983777396098
-31.657140319418453,156.13958786173785,10.000000000000004,9.999204186048505
-31.912290717591684,156.29750373137358,10.000000000000002,9.999393498998783
-32.169533635116636,156.45207087003809,9.999979319525613,9.999947087295137
-32.42677655264159,156.6066380087026,10.0,9.999126566613025
-32.687766209669014,156.7547156041862,10.000000000000004,9.99945790940167
-32.950246737105225,156.9002109363742,9.999957792242082,9.999888262075693
-33.21272726454143,157.04570626856218,9.99999999999999,9.999045363869032
-33.479179751170925,157.18373143197607,9.999873625544959,9.999518730596682
-33.746578096427726,157.3199776940371,9.999859253620196,9.999806687436605
-34.013976441684534,157.45622395609814,10.000000000000007,9.998959922944772
-34.285507530861736,157.58399683742306,9.999559780065526,9.999574926170459
-34.557497910245,157.71082803427396,9.99932398486741,9.999695074639257
-34.82948828962826,157.83765923112483,10.00000000000001,9.998903980486327
-35.10570649722586,157.9549945703326,9.999287906804293,9.99967623161277
-35.38195753235521,158.07225617769686,9.999510511859302,9.999588705317912
-35.65854058163483,158.18869602120276,9.99999999999999,9.998948368739393
-35.93871570317717,158.29624517387455,9.999814178035681,9.999790311961489
-36.21889082471951,158.40379432654632,9.99982763988509,9.999528435636037
-36.49969981605618,158.50960193627128,9.999999999999993,9.999031400558891
-36.78345767378358,158.60730760217473,9.999953030543026,9.999876240891759
-37.06721553151103,158.70501326807823,9.999996634997531,9.999468311594063
-37.351844916578315,158.8000366486355,9.999999999999991,9.999113260733582
-37.63883979525068,158.88777978846716,9.99997649649829,9.99993882880246
-37.92583467392305,158.9755229282988,10.000000000000007,9.999404501672432
-38.21387348281164,159.05962545081601,10.00000000000001,9.999191479533495
-38.50375572337749,159.13729916307577,9.999989563817955,9.999979154935648
-38.79363796394338,159.21497287533552,10.000000000000005,9.99933708568733
-39.08467038407384,159.28803346932736,9.999999999999996,9.999266100598959
-39.377086809675966,159.35554312056152,9.999995324247392,9.999998116162416
-39.66950323527809,159.42305277179568,10.0,9.99926606477435
-39.96310919705268,159.48496609533657,10.000000000000007,9.999337119739078
-40.25770354331984,159.5422294354342,9.9999895594422,9.999979140434258
-40.55229788958695,159.59949277553181,10.000000000000009,9.999191441939905
-40.848053657970965,159.65016936349295,10.000000000000004,9.999404533954076
-41.144467007070915,159.69711662589486,9.999976487758875,9.999938803557619
-41.440880356170865,159.7440638882968,9.999999999999988,9.999113221253811
-41.73835912738541,159.78343027844295,9.99999661457572,9.999468341899156
-42.036230345311346,159.82000426514162,9.99995301573908,9.999876203764162
-42.33410156323723,159.85657825184023,10.000000000000007,9.999031365452694
-42.63287406573846,159.8845770886121,9.999827501792836,9.999528474219712
-42.93184024229478,159.91073323983846,9.999814261491597,9.999790315409234
-43.2308064188511,159.93688939106482,9.99999999999999,9.998948011033821
-43.530441517765155,159.95347950690248,9.999509875303449,9.999588244197604
-43.830138408717985,159.96918595541536,9.999261721656818,9.999672593472914
-44.12983813299596,159.9848112681121,9.999999999999986,9.998894112767992
-44.429900603848445,159.99004887802334,9.999350645579188,9.999718414795112
-44.72996307470093,159.9952864879346,9.999963593830751,9.99988349657408
-45.03003011928603,159.99999999999872,10.000000000000005,9.999696386579604
-45.33013829806775,159.99999999999872,9.999981969417677,9.999966667414292
-45.630246476849415,159.99999999999872,9.999998329798315,9.999998651628497
-45.93035465563108,159.99999999999872,9.999999902064163,9.999999895740112
-46.23046283441274,159.99999999999872,9.999999992823975,9.999999992946274
-46.530571013194404,159.99999999999872,9.999999999493156,9.999999999490798
-46.830679191976124,159.99999999999872,9.999999999963563,9.999999999963592
-47.13078737075779,159.99999999999872,9.999999999997385,9.999999999997385
-47.43089554953945,159.99999999999872,9.999999999999801,9.999999999999801
-47.73100372832111,159.99999999999872,9.999999999999972,9.999999999999972
-48.031111907102776,159.99999999999872,10.0,10.0
-48.331220085884496,159.99999999999872,10.0,10.0
-48.63132826466616,159.99999999999872,10.0,10.0
-48.93143644344782,159.99999999999872,10.0,10.0
-49.231544622229485,159.99999999999872,10.0,10.0
-49.53165280101115,159.99999999999872,10.0,10.0
-49.83176097979281,159.99999999999872,10.0,10.0
-50.13186915857453,159.99999999999872,10.0,10.0
-50.431977337356194,159.99999999999872,10.0,10.0
-50.73208551613786,159.99999999999872,10.0,10.0
-51.03219369491952,159.99999999999872,10.0,10.0
-51.332301873701184,159.99999999999872,10.0,10.0
-51.6324100524829,159.99999999999872,10.0,10.0
-51.93251823126457,159.99999999999872,10.0,10.0
-52.23262641004623,159.99999999999872,10.0,10.0
-52.53273458882789,159.99999999999872,10.0,10.0
-52.832842767609556,159.99999999999872,10.0,10.0
-53.13295094639122,159.99999999999872,10.0,10.0
-53.43305912517294,159.99999999999872,10.0,10.0
-53.7331673039546,159.99999999999872,10.0,10.0
-54.033275482736265,159.99999999999872,10.0,10.0
-54.33338366151793,159.99999999999872,10.0,10.0
-54.63349184029959,159.99999999999872,10.0,10.0
-54.93360001908131,159.99999999999872,10.0,10.0
-55.233708197862974,159.99999999999872,10.0,10.0
-55.53381637664464,159.99999999999872,10.0,10.0
-55.8339245554263,159.99999999999872,10.0,10.0
-56.13403273420796,159.99999999999872,10.0,10.0
-56.43414091298968,159.99999999999872,10.0,10.0
-56.734249091771346,159.99999999999872,10.0,10.0
-57.03435727055301,159.99999999999872,10.0,10.0
-57.33446544933467,159.99999999999872,10.0,10.0
-57.634573628116335,159.99999999999872,10.0,10.0
-57.934681806898,159.99999999999872,10.0,10.0
-58.23478998567972,159.99999999999872,10.0,10.0
-58.53489816446138,159.99999999999872,10.0,10.0
-58.835006343243045,159.99999999999872,10.0,10.0
-59.13511452202471,159.99999999999872,10.0,10.0
-59.43522270080637,159.99999999999872,10.0,10.0
-59.73533087958809,159.99999999999872,10.0,10.0
-60.035439058369754,159.99999999999872,10.0,10.0
-60.33554723715142,159.99999999999872,10.0,10.0
-60.63565541593308,159.99999999999872,10.0,10.0
-60.93576359471474,159.99999999999872,10.0,10.0
-61.235871773496406,159.99999999999872,10.0,10.0
-61.535979952278126,159.99999999999872,10.0,10.0
-61.83608813105979,159.99999999999872,10.0,10.0
-62.13619630984145,159.99999999999872,10.0,10.0
-62.436304488623115,159.99999999999872,10.0,10.0
-62.73641266740478,159.99999999999872,10.0,10.0
-63.0365208461865,159.99999999999872,10.0,10.0
-63.33662902496816,159.99999999999872,10.0,10.0
-63.636737203749824,159.99999999999872,10.0,10.0
-63.93684538253149,159.99999999999872,10.0,10.0
-64.23695356131319,159.99999999999872,10.0,10.0
-64.53706174009483,159.99999999999872,10.0,10.0
-64.83716991887653,159.99999999999872,10.0,10.0
-65.13727809765817,159.99999999999872,10.0,10.0
-65.43738627643981,159.99999999999872,10.0,10.0
-65.73749445522145,159.99999999999872,10.0,10.0
-66.0376026340031,159.99999999999872,10.0,10.0
-66.33771081278479,159.99999999999872,10.0,10.0
-66.63781899156643,159.99999999999872,10.0,10.0
-66.93792717034808,159.99999999999872,10.0,10.0
-67.23803534912972,159.99999999999872,10.0,10.0
-67.53814352791136,159.99999999999872,10.0,10.0
-67.83825170669306,159.99999999999872,10.0,10.0
-68.1383598854747,159.99999999999872,10.0,10.0
-68.43846806425634,159.99999999999872,10.0,10.0
-68.73857624303798,159.99999999999872,10.0,10.0
-69.03868442181962,159.99999999999872,10.0,10.0
-69.33879260060127,159.99999999999872,10.0,10.0
-69.63890077938296,159.99999999999872,10.0,10.0
-69.9390089581646,159.99999999999872,10.0,10.0
-70.23911713694625,159.99999999999872,10.0,10.0
-70.53922531572789,159.99999999999872,10.0,10.0
-70.83933349450953,159.99999999999872,10.0,10.0
-71.13944167329123,159.99999999999872,10.0,10.0
-71.43954985207287,159.99999999999872,10.0,10.0
-71.73965803085451,159.99999999999872,10.0,10.0
-72.03976620963616,159.99999999999872,10.0,10.0
-72.3398743884178,159.99999999999872,10.0,10.0
-72.63998256719944,159.99999999999872,9.999999999999972,9.999999999999972
-72.94009074598114,159.99999999999872,9.999999999999517,9.999999999999517
-73.24019892476278,159.99999999999872,9.999999999993292,9.999999999993292
-73.54030710354442,159.99999999999872,9.999999999906578,9.999999999906407
-73.84041528232606,159.99999999999872,9.999999998689576,9.99999999869928
-74.1405234611077,159.99999999999872,9.999999981907864,9.999999981405502
-74.4406316398894,159.99999999999872,9.999999723385812,9.999999749273861
-74.74073981867105,159.99999999999872,9.999996571265783,9.999926119273484
-75.04084177610484,159.99928710414503,9.999999999999991,9.999737094066358
-75.34090424695732,159.99404949423376,9.99998393164137,9.999969624553383
-75.64096671780982,159.98881188432253,9.999960477363596,9.999538428459514
-75.94094568107232,159.98118292991197,10.000000000000002,9.999103241808568
-76.24064257202515,159.9654764813991,9.999966753415466,9.999911297171575
-76.54033946297798,159.94977003288622,9.999999999999995,9.99943227777109
-76.83980198525475,159.93071195615587,9.999999999999996,9.999156845462648
-77.13876816181107,159.90455580492952,9.999984884972031,9.999964052193747
-77.43773433836739,159.87839965370313,9.99999999999999,9.999367352854811
-77.73624823876743,159.84794038229145,10.0,9.999233563712233
-78.03411945669332,159.8113663955928,9.999993482406769,9.999992299925854
-78.3319906746192,159.77479240889417,10.00000000000001,9.99929790747238
-78.62912513333532,159.73297610802166,10.000000000000005,9.999306166085969
-78.92553848243527,159.68602884561975,9.999992826083519,9.999990100020087
-79.22195183153526,159.6390815832178,9.999999999999995,9.99922487704065
-79.51727799651542,159.58596859328264,10.000000000000005,9.999375174603903
-79.81187234278252,159.52870525318505,9.999983369666664,9.999959335183942
-80.10646668904964,159.47144191308743,10.00000000000001,9.99914824597725
-80.39955827992048,159.40710866470533,9.999999999999991,9.999440576215914
-80.6919747055226,159.33959901347117,9.999964862416453,9.999906670111573
-80.98439113112478,159.27208936223698,10.00000000000001,9.999068026818279
-81.27482503953334,159.19662826884243,9.999933730681368,9.99950238319844
-81.56470728009919,159.11895455658268,9.999908979444127,9.999831397405075
-81.85458952066502,159.04128084432293,10.000000000000012,9.998983766673016
-82.1419464062079,158.95480017248028,9.999648519358454,9.999559865994655
-82.42894128488032,158.8670570326486,9.999516105491232,9.999728536896892
-82.71593616355268,158.77931389281696,9.99999999999999,9.998919007860007
-82.99980104446898,158.68193761042005,9.99936129692304,9.999648361255518
-83.28355890219638,158.5842319445166,9.99943710446217,9.999618548295361
-83.5671044761924,158.48594303385468,10.000000000000002,9.998934120795978
-83.84727959773474,158.3783938811829,9.999700031747249,9.999760965554172
-84.12745471927714,158.2708447285111,9.999740178161762,9.999544033812697
-84.407035082977,158.16182349852244,10.000000000000002,9.999008108246516
-84.68328611810634,158.0445618911582,9.999941890999793,9.999855079812
-84.95953715323569,157.92730028379395,9.999975626385334,9.999485213136758
-85.23474909950251,157.80770484463315,9.999999999999996,9.999091148926139
-85.50673947888583,157.68087364778222,9.999971211690466,9.999923885448206
-85.7787298582691,157.55404245093132,9.999999999999991,9.999422388350824
-86.04917642275184,157.42404596445917,10.000000000000005,9.99917035191051
-86.31657476800865,157.28779970239813,9.999986835229711,9.999970249068719
-86.58397311326547,157.15155344033707,9.99999999999999,9.999355963190908
-86.84926413316325,157.01134387570207,9.999999999999996,9.999245961878486
-87.11174466059946,156.8658485435141,9.999994296334416,9.999994975480227
-87.37422518803567,156.7203532113261,10.000000000000004,9.999285932206977
-87.6339778513622,156.57013307990402,9.999999999999991,9.999317970723313
-87.89122076888715,156.41556594123952,9.999991739283768,9.999986435630882
-88.1484636864121,156.26099880257502,10.000000000000004,9.999212298471052
-88.40230307100177,156.10098487263332,10.000000000000002,9.999386375469024
-88.65399496774569,155.9375342437415,9.999980986748012,9.999952068225676
-88.90568686448962,155.77408361484973,9.999999999999998,9.999135064979074
-89.15324646599858,155.60450660633217,9.99999999999999,9.999451172975212
-89.39908069415547,155.43237162662672,9.999960664943492,9.999895655236235
-89.64491492231241,155.26023664692127,10.000000000000009,9.999054246302299
-89.88583717048634,155.08134090677356,9.999899384268492,9.999512379170865
-90.12551421891705,154.90073129621194,9.999881303823653,9.999816546098861
-90.36519126734775,154.7201216856503,9.999999999999995,9.998969266485187
-90.59912802984097,154.53216484413656,9.99959443308009,9.99956907645838
-90.8323558889814,154.34330064770842,9.99939901068663,9.999708384486718
-91.06558374812185,154.15443645128022,10.000000000000005,9.998909895715588
-91.29219682117161,153.95768905976425,9.999316565581712,9.999665465570843
-91.51869133880139,153.7608003794006,9.999481844311411,9.999600472694302
-91.74466221426982,153.56333013549929,9.999999999999991,9.998942849171737
-91.96414744170802,153.35865684972882,9.9997760505799,9.9997790912402
-92.18363266914626,153.1539835639583,9.999794271397414,9.99953455843624
-92.40190253525286,152.94805173468674,9.999999999999996,9.999022336915997
-92.61411106355895,152.73584320638062,9.999949778769476,9.999868183572566
-92.82631959186506,152.52363467807453,9.999990721459861,9.999474944302467
-93.03657396758597,152.30953904655266,9.999999999999995,9.999104658058746
-93.24124725335648,152.09005381911442,9.999974529806247,9.999933194215194
-93.44592053912694,151.8705685916762,10.000000000000004,9.99941151905061
-93.64785637498522,151.64861855326598,10.000000000000004,9.999183261230206
-93.84474505534887,151.42212403563622,9.999988567333792,9.999975870277458
-94.04163373571252,151.19562951800643,10.000000000000002,9.999344489972206
-94.23495984012166,150.9661456442072,9.999999999999998,9.999258268504876
-94.42382403654986,150.73291778506675,9.999994966511203,9.999997074984558
-94.61268823297803,150.4996899259263,9.99999999999999,9.999273855612728
-94.79712568203931,150.26300351269595,9.999999999999996,9.999329674164397
-94.97773529260095,150.02332646426524,9.999990472489262,9.999982180133282
-95.15834490316259,149.78364941583453,9.999999999999993,9.999199619016778
-95.33362743334982,149.54010201696164,9.999999999999988,9.999397475240492
-95.50576241305525,149.29426778880477,9.999978334921696,9.99994418284305
-95.67789739276067,149.04843356064788,10.00000000000001,9.99912178318753
-95.84377177594945,148.79837650682,9.999999605394363,9.999461668569369
-96.00722240484124,148.54668461007606,9.999956117297339,9.999884001410255
-96.17067303373304,148.2949927133321,10.0,9.999040365104113
-96.32689943405629,148.03878661756445,9.999857899881903,9.999522273860517
-96.48146657272079,147.7815437000395,9.999845122763604,9.999801041832438
-96.6360337113853,147.52430078251453,9.999999999999996,9.998954665626826
-96.7823860234207,147.26231503262395,9.999540349422505,9.999578188650641
-96.92788135560869,146.99983450518772,9.999281915247423,9.999687475143014
-97.07337668779671,146.73735397775147,10.000000000000009,9.998900637081277
-97.2096428556189,146.4699662165756,9.999271837435671,9.999682202010236
-97.34588911767995,146.2025678713188,9.999526587280183,9.999582043880817
-97.48128649954491,145.93475549952655,10.000000000000007,9.998951439078997
-97.60811769639581,145.6627651201433,9.999832622542007,9.999796469889688
-97.73494889324671,145.39077474076,9.999845056766652,9.999524984704648
-97.86003386971993,145.11800689397367,10.00000000000001,9.99903646472659
-97.97729547708417,144.84175585884432,9.999954787324082,9.999880643513253
-98.09455708444841,144.56550482371497,9.999998666152358,9.99946457422427
-98.20914980551342,144.28817548852695,10.000000000000005,9.999118066444302
-98.3166989581852,144.00800036698462,9.999977546515026,9.999941876031485
-98.42424811085701,143.7278252454422,10.000000000000002,9.999400548626982
-98.52818367835557,143.4463348864578,10.000000000000005,9.999196069694722
-98.62588934425904,143.1625770287304,9.999990085653529,9.999980888990493
-98.72359501016251,142.87881917100302,9.999999999999995,9.99933291570355
-98.81672370950298,142.59357416669027,10.000000000000002,9.99927047418308
-98.90446684933465,142.30657928801787,9.999995129176908,9.999997558044688
-98.9922099891663,142.0195844093455,9.999999999999993,9.999261678052145
-99.07439749985345,141.73099647965097,10.000000000000009,9.999341276573917
-99.15207121211319,141.44111423908512,9.999989011036197,9.999977328370317
-99.22974492437292,141.15123199851928,10.000000000000002,9.99918683865024
-99.30087250906841,140.8597176250415,9.999999999999995,9.999408473836658
-99.36838216030259,140.5673011994393,9.999975399676881,9.999935675027091
-99.43589181153676,140.2748847738372,9.999999999999996,9.999108402552013
-99.49585648338909,139.98086461335978,9.999993652669033,9.99947206630296
-99.55311982348671,139.68627026709268,9.999951211093128,9.999871718361987
-99.61038316358434,139.39167592082555,9.999999999999996,9.999026281787508
-99.6590978315966,139.0955742130205,9.99980913679186,9.999531901935924
-99.70604509399851,138.79916086392058,9.999793509475754,9.999784006286841
-99.75299235640043,138.5027475148206,9.999999999999998,9.99894525544968
-99.79038594863466,138.20499148494082,9.999494305487822,9.99959537553022
-99.82695993533332,137.90712026701496,9.999304114381074,9.999670164843508
-99.86339533525282,137.60923448303163,9.999999999999996,9.998907334293232
-99.88955148647919,137.31026830647522,9.999366392129332,9.99970263151311
-99.91570763770557,137.0113021299189,9.999579038244965,9.99957157409
-99.94076012339453,136.7122587775501,10.000000000000002,9.998965086378762
-99.9564665719074,136.41256188659725,9.999872188575067,9.999812532615321
-99.97217302042026,136.1128649956444,9.999899973715094,9.999517835928831
-99.98580736097627,135.8130957450872,10.000000000000005,9.999056668181522
-99.99104497088751,135.51303327423472,9.999953830974565,9.999882680189044
-99.99628258079878,135.2129708033822,9.999999803978112,9.999854138008196
-99.99999999999964,134.91289506602635,9.999999999999996,9.999766903737816
-99.99999999999964,134.6127868872447,9.999990440618731,9.999984459732381
-99.99999999999964,134.312678708463,9.99999917019709,9.999999292682892
-99.99999999999964,134.01257052968137,9.9999999487876,9.99999994639568
-99.99999999999964,133.71246235089973,9.99999999626851,9.999999996314699
-99.99999999999964,133.41235417211809,9.999999999735238,9.999999999734356
-99.99999999999964,133.11224599333644,9.999999999980972,9.999999999980986
-99.99999999999964,132.8121378145548,9.999999999998636,9.999999999998636
-99.99999999999964,132.5120296357731,9.9999999999999,9.9999999999999
-99.99999999999964,132.21192145699146,9.999999999999986,9.999999999999986
-99.99999999999964,131.91181327820982,10.0,10.0
-99.99999999999964,131.61170509942818,10.0,10.0
-99.99999999999964,131.31159692064654,10.0,10.0
-99.99999999999964,131.01148874186484,10.0,10.0
-99.99999999999964,130.7113805630832,10.0,10.0
-99.99999999999964,130.41127238430155,10.0,10.0
-99.99999999999964,130.1111642055199,10.0,10.0
-99.99999999999964,129.81105602673827,10.0,10.0
-99.99999999999964,129.51094784795663,10.0,10.0
-99.99999999999964,129.21083966917493,10.0,10.0
-99.99999999999964,128.9107314903933,10.0,10.0
-99.99999999999964,128.61062331161165,10.0,10.0
-99.99999999999964,128.31051513283,10.0,10.0
-99.99999999999964,128.01040695404836,10.0,10.0
-99.99999999999964,127.71029877526666,10.0,10.0
-99.99999999999964,127.41019059648502,10.0,10.0
-99.99999999999964,127.11008241770338,10.0,10.0
-99.99999999999964,126.80997423892174,10.0,10.0
-99.99999999999964,126.5098660601401,10.0,10.0
-99.99999999999964,126.20975788135846,10.0,10.0
-99.99999999999964,125.90964970257676,10.0,10.0
-99.99999999999964,125.60954152379512,10.0,10.0
-99.99999999999964,125.30943334501347,10.0,10.0
-99.99999999999964,125.00932516623183,10.0,10.0
-99.99999999999964,124.70921698745019,10.0,10.0
-99.99999999999964,124.40910880866849,10.0,10.0
-99.99999999999964,124.10900062988685,10.0,10.0
-99.99999999999964,123.80889245110521,10.0,10.0
-99.99999999999964,123.50878427232357,10.0,10.0
-99.99999999999964,123.20867609354192,10.0,10.0
-99.99999999999964,122.90856791476023,10.0,10.0
-99.99999999999964,122.60845973597858,10.0,10.0
-99.99999999999964,122.30835155719694,10.0,10.0
-99.99999999999964,122.0082433784153,10.0,10.0
-99.99999999999964,121.70813519963366,10.0,10.0
-99.99999999999964,121.40802702085202,10.0,10.0
-99.99999999999964,121.10791884207032,10.0,10.0
-99.99999999999964,120.80781066328868,10.0,10.0
-99.99999999999964,120.50770248450704,10.0,10.0
-99.99999999999964,120.2075943057254,10.0,10.0
-99.99999999999964,119.90748612694375,10.0,10.0
-99.99999999999964,119.60737794816205,10.0,10.0
-99.99999999999964,119.30726976938041,10.0,10.0
-99.99999999999964,119.00716159059877,10.0,10.0
-99.99999999999964,118.70705341181713,10.0,10.0
-99.99999999999964,118.40694523303549,10.0,10.0
-99.99999999999964,118.10683705425384,10.0,10.0
-99.99999999999964,117.80672887547215,10.0,10.0
-99.99999999999964,117.5066206966905,10.0,10.0
-99.99999999999964,117.20651251790886,10.0,10.0
-99.99999999999964,116.90640433912722,10.0,10.0
-99.99999999999964,116.60629616034558,10.0,10.0
-99.99999999999964,116.30618798156388,10.0,10.0
-99.99999999999964,116.00607980278224,10.0,10.0
-99.99999999999964,115.7059716240006,10.0,10.0
-99.99999999999964,115.40586344521896,10.0,10.0
-99.99999999999964,115.10575526643731,10.0,10.0
-99.99999999999964,114.80564708765567,10.0,10.0
-99.99999999999964,114.50553890887397,10.0,10.0
-99.99999999999964,114.20543073009233,10.0,10.0
-99.99999999999964,113.90532255131069,10.0,10.0
-99.99999999999964,113.60521437252905,10.0,10.0
-99.99999999999964,113.3051061937474,10.0,10.0
-99.99999999999964,113.00499801496571,10.0,10.0
-99.99999999999964,112.70488983618407,10.0,10.0
-99.99999999999964,112.40478165740242,10.0,10.0
-99.99999999999964,112.10467347862078,10.0,10.0
-99.99999999999964,111.80456529983914,10.0,10.0
-99.99999999999964,111.50445712105744,10.0,10.0
-99.99999999999964,111.2043489422758,10.0,10.0
-99.99999999999964,110.90424076349416,10.0,10.0
-99.99999999999964,110.60413258471252,10.0,10.0
-99.99999999999964,110.30402440593087,10.0,10.0
-99.99999999999964,110.00391622714923,10.0,10.0
-99.99999999999964,109.70380804836753,10.0,10.0
-99.99999999999964,109.40369986958589,10.0,10.0
-99.99999999999964,109.10359169080425,10.0,10.0
-99.99999999999964,108.80348351202261,10.0,10.0
-99.99999999999964,108.50337533324097,10.0,10.0
-99.99999999999964,108.20326715445927,10.0,10.0
-99.99999999999964,107.90315897567763,10.0,10.0
-99.99999999999964,107.60305079689599,10.0,10.0
-99.99999999999964,107.30294261811434,10.0,10.0
-99.99999999999964,107.0028344393327,10.0,10.0
-99.99999999999964,106.70272626055106,10.0,10.0
-99.99999999999964,106.40261808176936,10.0,10.0
-99.99999999999964,106.10250990298772,10.0,10.0
-99.99999999999964,105.80240172420608,10.0,10.0
-99.99999999999964,105.50229354542444,10.0,10.0
-99.99999999999964,105.2021853666428,10.0,10.0
-99.99999999999964,104.9020771878611,10.0,10.0
-99.99999999999964,104.60196900907945,10.0,10.0
-99.99999999999964,104.30186083029781,10.0,10.0
-99.99999999999964,104.00175265151617,10.0,10.0
-99.99999999999964,103.70164447273453,10.0,10.0
-99.99999999999964,103.40153629395283,10.0,10.0
-99.99999999999964,103.10142811517119,10.0,10.0
-99.99999999999964,102.80131993638955,10.0,10.0
-99.99999999999964,102.5012117576079,10.0,10.0
-99.99999999999964,102.20110357882626,10.0,10.0
-99.99999999999964,101.90099540004462,10.0,10.0
-99.99999999999964,101.60088722126292,10.0,10.0
-99.99999999999964,101.30077904248128,10.0,10.0
-99.99999999999964,101.00067086369964,10.0,10.0
-99.99999999999964,100.700562684918,10.0,10.0
-99.99999999999964,100.40045450613636,10.0,10.0
-99.99999999999964,100.10034632735466,10.0,10.0
-99.99999999999964,99.80023814857302,10.0,10.0
-99.99999999999964,99.50012996979137,10.0,10.0
-99.99999999999964,99.20002179100973,10.0,10.0
-99.99999999999964,98.89991361222809,10.0,10.0
-99.99999999999964,98.59980543344645,10.0,10.0
-99.99999999999964,98.29969725466475,10.0,10.0
-99.99999999999964,97.99958907588311,10.0,10.0
-99.99999999999964,97.69948089710147,10.0,10.0
-99.99999999999964,97.39937271831982,10.0,10.0
-99.99999999999964,97.09926453953818,10.0,10.0
-99.99999999999964,96.79915636075648,10.0,10.0
-99.99999999999964,96.49904818197484,10.0,10.0
-99.99999999999964,96.1989400031932,10.0,10.0
-99.99999999999964,95.89883182441156,10.0,10.0
-99.99999999999964,95.59872364562992,10.0,10.0
-99.99999999999964,95.29861546684828,10.0,10.0
-99.99999999999964,94.99850728806658,10.0,10.0
-99.99999999999964,94.69839910928494,10.0,10.0
-99.99999999999964,94.3982909305033,10.0,10.0
-99.99999999999964,94.09818275172165,10.0,10.0
-99.99999999999964,93.79807457294001,10.0,10.0
-99.99999999999964,93.49796639415831,10.0,10.0
-99.99999999999964,93.19785821537667,10.0,10.0
-99.99999999999964,92.89775003659503,10.0,10.0
-99.99999999999964,92.59764185781339,10.0,10.0
-99.99999999999964,92.29753367903174,10.0,10.0
-99.99999999999964,91.99742550025005,10.0,10.0
-99.99999999999964,91.6973173214684,10.0,10.0
-99.99999999999964,91.39720914268676,10.0,10.0
-99.99999999999964,91.09710096390512,10.0,10.0
-99.99999999999964,90.79699278512348,10.0,10.0
-99.99999999999964,90.49688460634184,10.0,10.0
-99.99999999999964,90.19677642756014,10.0,10.0
-99.99999999999964,89.8966682487785,10.0,10.0
-99.99999999999964,89.59656006999685,10.0,10.0
-99.99999999999964,89.29645189121521,10.0,10.0
-99.99999999999964,88.99634371243357,10.0,10.0
-99.99999999999964,88.69623553365187,10.0,10.0
-99.99999999999964,88.39612735487023,10.0,10.0
-99.99999999999964,88.09601917608859,10.0,10.0
-99.99999999999964,87.79591099730695,10.0,10.0
-99.99999999999964,87.4958028185253,10.0,10.0
-99.99999999999964,87.19569463974366,10.0,10.0
-99.99999999999964,86.89558646096197,10.0,10.0
-99.99999999999964,86.59547828218032,10.0,10.0
-99.99999999999964,86.29537010339868,10.0,10.0
-99.99999999999964,85.99526192461704,10.0,10.0
-99.99999999999964,85.6951537458354,10.0,10.0
-99.99999999999964,85.3950455670537,10.0,10.0
-99.99999999999964,85.09493738827206,10.0,10.0
-99.99999999999964,84.79482920949042,10.0,10.0
-99.99999999999964,84.49472103070877,10.0,10.0
-99.99999999999964,84.19461285192713,10.0,10.0
-99.99999999999964,83.89450467314543,10.0,10.0
-99.99999999999964,83.59439649436379,10.0,10.0
-99.99999999999964,83.29428831558215,10.0,10.0
-99.99999999999964,82.99418013680051,10.0,10.0
-99.99999999999964,82.69407195801887,10.0,10.0
-99.99999999999964,82.39396377923723,10.0,10.0
-99.99999999999964,82.09385560045553,10.0,10.0
-99.99999999999964,81.79374742167388,10.0,10.0
-99.99999999999964,81.49363924289224,10.0,10.0
-99.99999999999964,81.1935310641106,10.0,10.0
-99.99999999999964,80.89342288532896,10.0,10.0
-99.99999999999964,80.59331470654726,10.0,10.0
-99.99999999999964,80.29320652776562,10.0,10.0
-99.99999999999964,79.99309834898398,10.0,10.0
-99.99999999999964,79.69299017020234,10.0,10.0
-99.99999999999964,79.3928819914207,10.0,10.0
-99.99999999999964,79.09277381263905,10.0,10.0
-99.99999999999964,78.79266563385735,10.0,10.0
-99.99999999999964,78.49255745507571,10.0,10.0
-99.99999999999964,78.19244927629407,10.0,10.0
-99.99999999999964,77.89234109751243,10.0,10.0
-99.99999999999964,77.59223291873079,10.0,10.0
-99.99999999999964,77.29212473994909,10.0,10.0
-99.99999999999964,76.99201656116745,10.0,10.0
-99.99999999999964,76.6919083823858,10.0,10.0
-99.99999999999964,76.39180020360416,10.0,10.0
-99.99999999999964,76.09169202482252,10.0,10.0
-99.99999999999964,75.79158384604088,10.0,10.0
-99.99999999999964,75.49147566725918,10.0,10.0
-99.99999999999964,75.19136748847754,10.0,10.0
-99.99999999999964,74.8912593096959,10.0,10.0
-99.99999999999964,74.59115113091426,10.0,10.0
-99.99999999999964,74.29104295213261,10.0,10.0
-99.99999999999964,73.99093477335092,10.0,10.0
-99.99999999999964,73.69082659456927,10.0,10.0
-99.99999999999964,73.39071841578763,10.0,10.0
-99.99999999999964,73.09061023700599,10.0,10.0
-99.99999999999964,72.79050205822435,10.0,10.0
-99.99999999999964,72.49039387944265,10.0,10.0
-99.99999999999964,72.19028570066101,10.0,10.0
-99.99999999999964,71.89017752187937,10.0,10.0
-99.99999999999964,71.59006934309772,10.0,10.0
-99.99999999999964,71.28996116431608,10.0,10.0
-99.99999999999964,70.98985298553444,10.0,10.0
-99.99999999999964,70.68974480675274,10.0,10.0
-99.99999999999964,70.3896366279711,10.0,10.0
-99.99999999999964,70.08952844918946,10.0,10.0
-99.99999999999964,69.78942027040782,10.0,10.0
-99.99999999999964,69.48931209162618,10.0,10.0
-99.99999999999964,69.18920391284448,10.0,10.0
-99.99999999999964,68.88909573406283,10.0,10.0
-99.99999999999964,68.5889875552812,10.0,10.0
-99.99999999999964,68.28887937649955,10.0,10.0
-99.99999999999964,67.98877119771791,10.0,10.0
-99.99999999999964,67.68866301893627,10.0,10.0
-99.99999999999964,67.38855484015457,10.0,10.0
-99.99999999999964,67.08844666137293,10.0,10.0
-99.99999999999964,66.78833848259129,10.0,10.0
-99.99999999999964,66.48823030380964,10.0,10.0
-99.99999999999964,66.188122125028,10.0,10.0
-99.99999999999964,65.8880139462463,10.0,10.0
-99.99999999999964,65.58790576746466,10.0,10.0
-99.99999999999964,65.28779758868302,10.0,10.0
-99.99999999999964,64.98768940990138,10.0,10.0
-99.99999999999964,64.68758123111974,10.0,10.0
-99.99999999999964,64.38747305233804,10.0,10.0
-99.99999999999964,64.0873648735564,10.0,10.0
-99.99999999999964,63.78725669477474,10.0,10.0
-99.99999999999964,63.48714851599308,10.0,10.0
-99.99999999999964,63.187040337211414,10.0,10.0
-99.99999999999964,62.88693215842975,10.0,10.0
-99.99999999999964,62.58682397964803,10.0,10.0
-99.99999999999964,62.28671580086637,10.0,10.0
-99.99999999999964,61.986607622084705,10.0,10.0
-99.99999999999964,61.68649944330304,10.0,10.0
-99.99999999999964,61.38639126452138,10.0,10.0
-99.99999999999964,61.08628308573966,10.0,10.0
-99.99999999999964,60.786174906957996,10.0,10.0
-99.99999999999964,60.48606672817633,10.0,10.0
-99.99999999999964,60.18595854939467,10.0,10.0
-99.99999999999964,59.88585037061301,10.0,10.0
-99.99999999999964,59.58574219183134,10.0,10.0
-99.99999999999964,59.28563401304962,10.0,10.0
-99.99999999999964,58.98552583426796,10.0,10.0
-99.99999999999964,58.6854176554863,10.0,10.0
-99.99999999999964,58.385309476704634,10.0,10.0
-99.99999999999964,58.08520129792297,10.0,10.0
-99.99999999999964,57.78509311914125,10.0,10.0
-99.99999999999964,57.48498494035959,10.0,10.0
-99.99999999999964,57.184876761577925,10.0,10.0
-99.99999999999964,56.88476858279626,10.0,10.0
-99.99999999999964,56.5846604040146,10.0,10.0
-99.99999999999964,56.284552225232936,10.0,10.0
-99.99999999999964,55.984444046451216,10.0,10.0
-99.99999999999964,55.68433586766955,10.0,10.0
-99.99999999999964,55.38422768888789,10.0,10.0
-99.99999999999964,55.08411951010623,10.0,10.0
-99.99999999999964,54.784011331324564,10.0,10.0
-99.99999999999964,54.483903152542844,10.0,10.0
-99.99999999999964,54.18379497376118,10.0,10.0
-99.99999999999964,53.88368679497952,10.0,10.0
-99.99999999999964,53.583578616197855,10.0,10.0
-99.99999999999964,53.28347043741619,10.0,10.0
-99.99999999999964,52.98336225863447,10.0,10.0
-99.99999999999964,52.683254079852816,10.0,10.0
-99.99999999999964,52.38314590107115,10.0,10.0
-99.99999999999964,52.08303772228949,10.0,10.0
-99.99999999999964,51.78292954350783,10.0,10.0
-99.99999999999964,51.48282136472616,10.0,10.0
-99.99999999999964,51.18271318594444,10.0,10.0
-99.99999999999964,50.88260500716278,10.0,10.0
-99.99999999999964,50.58249682838112,10.0,10.0
-99.99999999999964,50.282388649599454,10.0,10.0
-99.99999999999964,49.98228047081779,10.0,10.0
-99.99999999999964,49.68217229203607,10.0,10.0
-99.99999999999964,49.38206411325441,10.0,10.0
-99.99999999999964,49.081955934472745,10.0,10.0
-99.99999999999964,48.78184775569108,10.0,10.0
-99.99999999999964,48.48173957690942,10.0,10.0
-99.99999999999964,48.181631398127756,10.0,10.0
-99.99999999999964,47.881523219346036,10.0,10.0
-99.99999999999964,47.58141504056437,10.0,10.0
-99.99999999999964,47.28130686178271,10.0,10.0
-99.99999999999964,46.98119868300105,10.0,10.0
-99.99999999999964,46.681090504219384,10.0,10.0
-99.99999999999964,46.380982325437664,10.0,10.0
-99.99999999999964,46.080874146656,10.0,10.0
-99.99999999999964,45.78076596787434,10.0,10.0
-99.99999999999964,45.480657789092675,10.0,10.0
-99.99999999999964,45.18054961031101,10.0,10.0
-99.99999999999964,44.88044143152929,10.0,10.0
-99.99999999999964,44.58033325274763,10.0,10.0
-99.99999999999964,44.280225073965966,10.0,10.0
-99.99999999999964,43.9801168951843,10.0,10.0
-99.99999999999964,43.68000871640264,10.0,10.0
-99.99999999999964,43.379900537620976,10.0,10.0
-99.99999999999964,43.079792358839256,10.0,10.0
-99.99999999999964,42.77968418005759,10.0,10.0
-99.99999999999964,42.47957600127593,10.0,10.0
-99.99999999999964,42.17946782249427,10.0,10.0
-99.99999999999964,41.879359643712604,10.0,10.0
-99.99999999999964,41.579251464930884,10.0,10.0
-99.99999999999964,41.27914328614922,10.0,10.0
-99.99999999999964,40.97903510736756,10.0,10.0
-99.99999999999964,40.678926928585895,10.0,10.0
-99.99999999999964,40.37881874980423,10.0,10.0
-99.99999999999964,40.07871057102257,10.0,10.0
-99.99999999999964,39.77860239224085,10.0,10.0
-99.99999999999964,39.478494213459186,10.0,10.0
-99.99999999999964,39.17838603467752,10.0,10.0
-99.99999999999964,38.87827785589586,10.0,10.0
-99.99999999999964,38.5781696771142,10.0,10.0
-99.99999999999964,38.27806149833248,10.0,10.0
-99.99999999999964,37.977953319550814,10.0,10.0
-99.99999999999964,37.67784514076915,10.0,10.0
-99.99999999999964,37.37773696198749,10.0,10.0
-99.99999999999964,37.077628783205824,10.0,10.0
-99.99999999999964,36.77752060442416,10.0,10.0
-99.99999999999964,36.47741242564244,10.0,10.0
-99.99999999999964,36.17730424686078,10.0,10.0
-99.99999999999964,35.877196068079115,10.0,10.0
-99.99999999999964,35.57708788929745,10.0,10.0
-99.99999999999964,35.27697971051579,10.0,10.0
-99.99999999999964,34.97687153173407,10.0,10.0
-99.99999999999964,34.676763352952406,10.0,10.0
-99.99999999999964,34.37665517417074,10.0,10.0
-99.99999999999964,34.07654699538908,10.0,10.0
-99.99999999999964,33.77643881660742,10.0,10.0
-99.99999999999964,33.4763306378257,10.0,10.0
-99.99999999999964,33.176222459044034,10.0,10.0
-99.99999999999964,32.87611428026237,10.0,10.0
-99.99999999999964,32.57600610148071,10.0,10.0
-99.99999999999964,32.275897922699045,10.0,10.0
-99.99999999999964,31.975789743917378,10.0,10.0
-99.99999999999964,31.67568156513566,10.0,10.0
-99.99999999999964,31.375573386353995,10.0,10.0
-99.99999999999964,31.075465207572332,10.0,10.0
-99.99999999999964,30.77535702879067,10.0,10.0
-99.99999999999964,30.475248850009006,10.0,10.0
-99.99999999999964,30.175140671227286,10.0,10.0
-99.99999999999964,29.875032492445623,10.0,10.0
-99.99999999999964,29.574924313663963,10.0,10.0
-99.99999999999964,29.2748161348823,10.0,10.0
-99.99999999999964,28.974707956100637,10.0,10.0
-99.99999999999964,28.674599777318974,10.0,10.0
-99.99999999999964,28.374491598537254,10.0,10.0
-99.99999999999964,28.07438341975559,10.0,10.0
-99.99999999999964,27.774275240973928,9.999999999999986,9.999999999999986
-99.99999999999964,27.474167062192265,9.999999999999886,9.999999999999886
-99.99999999999964,27.174058883410602,9.999999999998366,9.999999999998366
-99.99999999999964,26.873950704628882,9.999999999977277,9.999999999977291
-99.99999999999964,26.57384252584722,9.999999999683737,9.999999999682588
-99.99999999999964,26.273734347065556,9.999999995537856,9.999999995598147
-99.99999999999964,25.973626168283893,9.999999938842997,9.999999935721734
-99.99999999999964,25.67351798950223,9.999998996386148,9.999999155982254
-99.99999999999964,25.37340981072051,9.999988622947543,9.99998087972739
-99.99999999999964,25.073301631938847,9.999999999999996,9.999750681859044
-99.99604167996146,24.773227996892782,9.999996732211757,9.999861750520072
-99.99080407005022,24.473165526040294,9.999941780219666,9.999851077005175
-99.98556646013897,24.173103055187806,9.999999999999998,9.999010930767028
-99.97145061140891,23.873350619266603,9.99974820971208,9.999544841251677
-99.95574416289604,23.57365372831371,9.999702209272215,9.999761513068364
-99.94003771438318,23.273956837360874,9.999999999999998,9.998934283322837
-99.91450460066427,22.974947093777935,9.999438048141682,9.999618100220202
-99.8883484494379,22.675980917221615,9.999360221595662,9.999648773377636
-99.86185172267606,22.3770505365965,10.000000000000004,9.998918789421339
-99.82527773597741,22.07917931867056,9.999513299642665,9.99972806271993
-99.78870374927877,21.781308100744674,9.99964722220073,9.999560088093338
-99.7508330442307,21.483619124697988,10.000000000000002,9.9989834201187
-99.70388578182879,21.187205775598027,9.999908398550057,9.999831048839763
-99.65693851942686,20.890792426498063,9.999932990508432,9.999502624120531
-99.60774936939005,20.594774382675855,9.999999999999991,9.99906769749209
-99.5504860292924,20.300180036408687,9.999964765748183,9.99990641339222
-99.49322268919478,20.005585690141576,10.000000000000004,9.999440831546625
-99.43278674419041,19.71166570186498,10.000000000000002,9.999147931031624
-99.36527709295623,19.419249276262853,9.999983315550372,9.999959168104636
-99.29776744172207,19.12683285066073,10.000000000000007,9.999375444419021
-99.22617236692078,18.835435035557303,10.000000000000005,9.999224576537623
-99.14849865466104,18.54555279499146,9.999992802014544,9.99999001901596
-99.0708249424013,18.255670554425617,10.0,9.999306450556654
-98.98817429421932,17.967215427270695,10.000000000000005,9.99929762178545
-98.90043115438768,17.680220548598328,9.999993503833371,9.999992371140284
-98.81268801455603,17.39322566992596,9.999999999999993,9.99923385307601
-98.71910109459334,17.108129550518566,10.000000000000004,9.999367063786215
-98.62139542868987,16.824371692791164,9.999984924109624,9.999964177279036
-98.5236897627864,16.540613835063766,9.999999999999996,9.99915765496047
-98.41930144980954,16.25928826195719,10.000000000000002,9.999432899442304
-98.31175229713776,15.979113140414853,9.999967669385894,9.999914192058167
-98.20420314446595,15.698938018872461,10.000000000000005,9.99907786665378
-98.08916370466716,15.421789169768473,9.99995400106529,9.99949513804799
-97.97190209730292,15.145538134639127,9.99992476538388,9.999841666974577
-97.85464048993867,14.869287099509778,10.000000000000002,9.998994123618315
-97.72911536573415,14.596715219119252,9.999687384740131,9.999553187113378
-97.60228416888323,14.324724839735937,9.999600243714562,9.999742551493519
-97.47545297203233,14.052734460352676,10.000000000000004,9.998925466202826
-97.33962254969074,13.785133296513077,9.999393440655966,9.999635846052096
-97.20337628762971,13.517734951256276,9.999404958514909,9.999631316284894
-97.0666847141787,13.250573382265546,9.999999999999996,9.998927762329371
-96.92118938199071,12.98809285482934,9.999629489181787,9.999747478478112
-96.7756940498027,12.725612327393083,9.999701310969282,9.999550781643162
-96.6289244852775,12.463867478339777,10.000000000000005,9.99899782196963
-96.474357346613,12.20662456081482,9.999929724523035,9.999845265099198
-96.3197902079485,11.949381643289863,9.999960366612187,9.99949252930531
-96.1631552166324,11.693430863511155,10.000000000000002,9.999081379723924
-95.99970458774058,11.441738966767172,9.999968633668727,9.999916807581796
-95.83625395884879,11.190047070023239,10.000000000000004,9.999430136059098
-95.66998014396924,10.940259436272676,10.000000000000005,9.999161013637558
-95.49784516426381,10.694425208115783,9.999985450201144,9.99996583535638
-95.32571018455839,10.448590979958889,10.000000000000002,9.999364144890201
-95.15003786862852,10.205326777004911,10.000000000000004,9.999237056613458
-94.96942825806684,9.96564972857416,9.999993726820888,9.99999311171987
-94.7888186475052,9.725972680143455,9.999999999999996,9.99929454751308
-94.60400153354323,9.4895828936429,10.000000000000002,9.999309498824882
-94.41513733711506,9.25635503450248,9.999992537573089,9.999989128147229
-94.22627314068689,9.023127175362058,9.999999999999998,9.999221347018727
-94.03257795478221,8.793952997709528,9.999999999999998,9.999378337290404
-93.83568927441856,8.567458480079754,9.999982725340766,9.999957352212906
-93.63880059405491,8.340963962449978,10.0,9.99914454639787
-93.43650670977526,8.119336312286437,9.999999999999996,9.999443568887134
-93.23183342400478,7.899851084848237,9.999963715725576,9.999903634426227
-93.0271601382343,7.680365857410037,9.999999999999998,9.999064158494201
-92.81655918339293,7.466604913454272,9.999924785925186,9.999505206790971
-92.60435065508682,7.25439638514816,9.999901922690329,9.9998272834194
-92.39214212678071,7.042187856842048,10.0,9.998979695799141
-92.17353757310795,6.8366026066908905,9.999633296591599,9.999562468204358
-91.95405234566975,6.631929320920412,9.999483149398957,9.999722941425865
-91.73456711823151,6.427256035149895,10.000000000000004,9.9989164579436
-91.5082738545164,6.23014383966997,9.999348707031281,9.999653212202956
-91.28177933688661,6.033255159306322,9.99944969610995,9.999613496884551
-91.0548565676901,5.836876849285874,10.0,9.998936591508091
-90.82162870854968,5.6480126528577035,9.999723763012035,9.999766142706864
-90.58840084940921,5.459148456429498,9.999755402364555,9.99954137692616
-90.35416746018619,5.271571279816465,10.000000000000002,9.999012123080176
-90.11449041175548,5.090961669254827,9.999945947702537,9.999858833101426
-89.87481336332479,4.910352058693189,9.999980597728301,9.999482333226704
-89.633607919232,4.7318461042881665,10.0,9.999094961237851
-89.38777369107511,4.559711124582744,9.999972176847763,9.999926568985575
-89.14193946291816,4.387576144877289,9.999999999999996,9.999419339428398
-88.8941104413319,4.218398568050497,10.000000000000004,9.999173995416742
-88.64241854458797,4.054947939158701,9.999987345217349,9.999971892343298
-88.39072664784402,3.891497310266905,10.000000000000004,9.999352744289164
-88.1366319472655,3.731891971318112,9.999999999999998,9.999249435767053
-87.87938902974048,3.5773248326535745,9.999994498955365,9.999995624340087
-87.62214611221552,3.4227576939890665,10.0,9.999282543477777
-87.36215254805167,3.2729548150567678,10.0,9.999321274854923
-87.09967202061546,3.1274594828687783,9.999991401573364,9.999985297926376
-86.83719149317925,2.9819641506807892,10.0,9.999208740058624
-86.5716742810964,2.8421799916746453,9.999999999999998,9.999389509706507
-86.30427593583956,2.7059337296135824,9.99998026821645,9.999949911599384
-86.03687759058275,2.5696874675525447,9.999999999999996,9.99913133702972
-85.76621981814739,2.440124021557038,10.000000000000002,9.999454137174716
-85.49422943876412,2.3132928247061373,9.99995942096165,9.999892440021714
-85.22223905938085,2.1864616278552362,10.0,9.999050349639568
-84.94683114671822,2.0673063364257174,9.999888430160752,9.999515174258534
-84.67058011158888,1.9500447290614757,9.99987208292764,9.999812248570123
-84.39432907645954,1.832783121697234,9.999999999999998,9.998965167272546
-84.11456822667564,1.7242086104423693,9.999579211048742,9.999571651007384
-83.8343931051333,1.616659457770588,9.999366054410315,9.99970257622864
-83.55421798359092,1.5091103050987862,10.0,9.998907304796383
-83.27050762371708,1.411274139915173,9.999303976587164,9.999670213391965
-82.98674976598969,1.3135684740117104,9.999494436839239,9.999595321481312
-82.70273600016802,1.2166504122369988,10.000000000000002,9.998945280699447
-82.41574112149566,1.1289072724053524,9.999793686215286,9.999784057848375
-82.1287462428233,1.041164132573706,9.999809290714396,9.99953187387005
-81.84125655474075,0.9551465982258581,10.0,9.999026323368197
-81.55137431417491,0.877472885966114,9.999951226049927,9.999871755389993
-81.26149207360906,0.7997991737063698,9.999993680638115,9.999472035896375
-80.97094160682609,0.7248055704176009,10.0,9.999108442017075
-80.67852518122396,0.6572959191834362,9.999975408730991,9.999935700942215
-80.38610875562179,0.5897862679492588,10.0,9.99940844166588
-80.09291699255014,0.5259242927192138,10.000000000000002,9.999186876352395
-79.79832264628303,0.4686609526215884,9.999989015630314,9.999977343505432
-79.50372830001591,0.411397612523963,10.000000000000002,9.99934124263237
-79.20831847105298,0.35875910461337446,10.0,9.999261713990485
-78.91190512195303,0.31181184221145747,9.999995130839949,9.999997562904339
-78.61549177285303,0.2648645798095316,10.0,9.99927043827392
-78.31829026030381,0.2235253917508377,10.000000000000002,9.999332949496193
-78.02041904237792,0.18695140505219462,9.999990081314149,9.999980874660498
-77.72254782445204,0.1503774183535516,10.000000000000002,9.999196042337106
-77.42398356206338,0.12039730925648728,10.0,9.99940059942123
-77.125017385507,0.09424115803011328,9.9999775520851,9.999941895052624
-76.82605120895066,0.06808500680374423,10.0,9.999117492814502
-76.52655507788802,0.04950755810333614,9.999998648222489,9.99946368239334
-76.22685818693519,0.033801109590466005,9.999953730053319,9.999877216428324
-75.92716129598234,0.018094661077595872,10.0,9.999064020055256
-75.62716551808394,0.01094721484109684,9.99987128443834,9.999570014644853
-75.3271030472314,0.005709604929843992,9.999975891337733,9.999956742253914
-75.02704057637891,0.0004719950185921376,10.0,9.99972580054553
-74.7269365166353,2.1955101722345364e-12,9.999991518022846,9.999935238059013
-74.42682833785366,2.1954366669304273e-12,9.999999271314953,9.99999937345479
-74.12672015907202,2.1953631616263186e-12,9.999999954658065,9.999999952665332
-73.82661198029032,2.19528965632221e-12,9.999999996699108,9.999999996737582
-73.52650380150868,2.1952161510181012e-12,9.999999999765633,9.999999999764892
-73.22639562272704,2.1951426457139925e-12,9.999999999983158,9.999999999983173
-72.9262874439454,2.195069140409884e-12,9.999999999998792,9.999999999998792
-72.62617926516376,2.194995635105775e-12,9.999999999999913,9.999999999999913
-72.32607108638206,2.1949221298016664e-12,9.999999999999993,9.999999999999993
-72.02596290760042,2.1948486244975577e-12,10.0,10.0
-71.72585472881877,2.194775119193449e-12,10.0,10.0
-71.42574655003713,2.1947016138893404e-12,10.0,10.0
-71.12563837125549,2.1946281085852317e-12,10.0,10.0
-70.82553019247385,2.194554603281123e-12,10.0,10.0
-70.52542201369215,2.1944810979770143e-12,10.0,10.0
-70.22531383491051,2.1944075926729056e-12,10.0,10.0
-69.92520565612887,2.194334087368797e-12,10.0,10.0
-69.62509747734723,2.1942605820646878e-12,10.0,10.0
-69.32498929856558,2.194187076760579e-12,10.0,10.0
-69.0248811197839,2.1941135714564704e-12,10.0,10.0
-68.72477294100226,2.1940400661523617e-12,10.0,10.0
-68.42466476222062,2.193966560848253e-12,10.0,10.0
-68.12455658343897,2.1938930555441443e-12,10.0,10.0
-67.82444840465733,2.1938195502400356e-12,10.0,10.0
-67.52434022587569,2.193746044935927e-12,10.0,10.0
-67.22423204709399,2.1936725396318182e-12,10.0,10.0
-66.92412386831235,2.1935990343277096e-12,10.0,10.0
-66.62401568953071,2.193525529023601e-12,10.0,10.0
-66.32390751074907,2.193452023719492e-12,10.0,10.0
-66.02379933196742,2.1933785184153835e-12,10.0,10.0
-65.72369115318573,2.1933050131112748e-12,10.0,10.0
-65.42358297440408,2.193231507807166e-12,10.0,10.0
-65.12347479562244,2.1931580025030574e-12,10.0,10.0
-64.8233666168408,2.1930844971989483e-12,10.0,10.0
-64.52325843805916,2.1930109918948396e-12,10.0,10.0
-64.22315025927746,2.192937486590731e-12,10.0,10.0
-63.923042080495804,2.1928639812866222e-12,10.0,10.0
-63.62293390171414,2.1927904759825135e-12,10.0,10.0
-63.32282572293248,2.192716970678405e-12,10.0,10.0
-63.02271754415076,2.192643465374296e-12,10.0,10.0
-62.72260936536915,2.1925699600701874e-12,10.0,10.0
-62.42250118658743,2.1924964547660787e-12,10.0,10.0
-62.122393007805826,2.19242294946197e-12,10.0,10.0
-61.822284829024106,2.1923494441578614e-12,10.0,10.0
-61.522176650242386,2.1922759388537527e-12,10.0,10.0
-61.22206847146078,2.192202433549644e-12,10.0,10.0
-60.92196029267906,2.1921289282455353e-12,10.0,10.0
-60.621852113897454,2.1920554229414266e-12,10.0,10.0
-60.321743935115734,2.191981917637318e-12,10.0,10.0
-60.021635756334014,2.1919084123332088e-12,10.0,10.0
-59.72152757755241,2.1918349070291e-12,10.0,10.0
-59.42141939877069,2.1917614017249914e-12,10.0,10.0
-59.12131121998908,2.1916878964208827e-12,10.0,10.0
-58.82120304120736,2.191614391116774e-12,10.0,10.0
-58.52109486242564,2.1915408858126653e-12,10.0,10.0
-58.220986683644036,2.1914673805085566e-12,10.0,10.0
-57.920878504862316,2.191393875204448e-12,10.0,10.0
-57.62077032608071,2.1913203699003392e-12,10.0,10.0
-57.32066214729899,2.1912468645962306e-12,10.0,10.0
-57.02055396851738,2.191173359292122e-12,10.0,10.0
-56.72044578973566,2.191099853988013e-12,10.0,10.0
-56.42033761095394,2.1910263486839045e-12,10.0,10.0
-56.12022943217234,2.1909528433797958e-12,10.0,10.0
-55.82012125339062,2.190879338075687e-12,10.0,10.0
-55.52001307460901,2.1908058327715784e-12,10.0,10.0
-55.21990489582729,2.1907323274674693e-12,10.0,10.0
-54.91979671704557,2.1906588221633606e-12,10.0,10.0
-54.619688538263965,2.190585316859252e-12,10.0,10.0
-54.319580359482245,2.1905118115551432e-12,10.0,10.0
-54.01947218070064,2.1904383062510345e-12,10.0,10.0
-53.71936400191892,2.190364800946926e-12,10.0,10.0
-53.4192558231372,2.190291295642817e-12,10.0,10.0
-53.11914764435559,2.1902177903387084e-12,10.0,10.0
-52.81903946557387,2.1901442850345997e-12,10.0,10.0
-52.51893128679227,2.190070779730491e-12,10.0,10.0
-52.21882310801055,2.1899972744263824e-12,10.0,10.0
-51.91871492922883,2.1899237691222737e-12,10.0,10.0
-51.61860675044722,2.189850263818165e-12,10.0,10.0
-51.3184985716655,2.1897767585140563e-12,10.0,10.0
-51.018390392883894,2.1897032532099476e-12,10.0,10.0
-50.718282214102175,2.189629747905839e-12,10.0,10.0
-50.41817403532057,2.18955624260173e-12,10.0,10.0
-50.11806585653885,2.189482737297621e-12,10.0,10.0
-49.81795767775713,2.1894092319935124e-12,10.0,10.0
-49.51784949897552,2.1893357266894037e-12,10.0,10.0
-49.2177413201938,2.189262221385295e-12,10.0,10.0
-48.917633141412196,2.1891887160811863e-12,10.0,10.0
-48.617524962630476,2.1891152107770776e-12,10.0,10.0
-48.317416783848756,2.189041705472969e-12,10.0,10.0
-48.01730860506715,2.1889682001688602e-12,10.0,10.0
-47.71720042628543,2.1888946948647515e-12,10.0,10.0
-47.417092247503824,2.188821189560643e-12,10.0,10.0
-47.116984068722104,2.188747684256534e-12,10.0,10.0
-46.816875889940384,2.1886741789524255e-12,10.0,10.0
-46.51676771115878,2.1886006736483168e-12,10.0,10.0
-46.216659532377065,2.188527168344208e-12,10.0,10.0
-45.91655135359546,2.1884536630400994e-12,10.0,10.0
-45.61644317481374,2.1883801577359903e-12,10.0,10.0
-45.31633499603202,2.1883066524318816e-12,10.0,10.0
-45.01622681725041,2.188233147127773e-12,10.0,10.0
-44.71611863846869,2.1881596418236642e-12,10.0,10.0
-44.41601045968709,2.1880861365195555e-12,10.0,10.0
-44.11590228090537,2.188012631215447e-12,10.0,10.0
-43.81579410212365,2.187939125911338e-12,10.0,10.0
-43.51568592334204,2.1878656206072294e-12,10.0,10.0
-43.21557774456032,2.1877921153031207e-12,10.0,10.0
-42.915469565778714,2.187718609999012e-12,10.0,10.0
-42.615361386996994,2.1876451046949034e-12,10.0,10.0
-42.31525320821539,2.1875715993907947e-12,10.0,10.0
-42.01514502943367,2.187498094086686e-12,10.0,10.0
-41.71503685065195,2.1874245887825773e-12,10.0,10.0
-41.41492867187034,2.1873510834784686e-12,10.0,10.0
-41.11482049308862,2.18727757817436e-12,10.0,10.0
-40.814712314307016,2.187204072870251e-12,10.0,10.0
-40.514604135525296,2.187130567566142e-12,10.0,10.0
-40.214495956743576,2.1870570622620334e-12,10.0,10.0
-39.91438777796197,2.1869835569579247e-12,10.0,10.0
-39.61427959918025,2.186910051653816e-12,10.0,10.0
-39.314171420398644,2.1868365463497073e-12,10.0,10.0
-39.014063241616924,2.1867630410455986e-12,10.0,10.0
-38.713955062835204,2.18668953574149e-12,10.0,10.0
-38.4138468840536,2.1866160304373812e-12,10.0,10.0
-38.11373870527188,2.1865425251332725e-12,10.0,10.0
-37.81363052649027,2.186469019829164e-12,10.0,10.0
-37.51352234770855,2.186395514525055e-12,10.0,10.0
-37.21341416892683,2.1863220092209465e-12,10.0,10.0
-36.913305990145226,2.1862485039168378e-12,10.0,10.0
-36.613197811363506,2.186174998612729e-12,10.0,10.0
-36.3130896325819,2.1861014933086204e-12,10.0,10.0
-36.01298145380018,2.1860279880045113e-12,10.0,10.0
-35.71287327501846,2.1859544827004026e-12,10.0,10.0
-35.41276509623685,2.185880977396294e-12,10.0,10.0
-35.11265691745513,2.1858074720921852e-12,10.0,10.0
-34.81254873867353,2.1857339667880765e-12,10.0,10.0
-34.51244055989181,2.185660461483968e-12,10.0,10.0
-34.2123323811102,2.185586956179859e-12,10.0,10.0
-33.91222420232848,2.1855134508757504e-12,10.0,10.0
-33.61211602354676,2.1854399455716417e-12,10.0,10.0
-33.312007844765155,2.185366440267533e-12,10.0,10.0
-33.011899665983435,2.1852929349634243e-12,10.0,10.0
-32.71179148720183,2.1852194296593157e-12,10.0,10.0
-32.41168330842011,2.185145924355207e-12,10.0,10.0
-32.11157512963839,2.1850724190510983e-12,10.0,10.0
-31.81146695085678,2.1849989137469896e-12,10.0,10.0
-31.51135877207506,2.184925408442881e-12,10.0,10.0
-31.211250593293453,2.184851903138772e-12,10.0,10.0
-30.911142414511733,2.184778397834663e-12,10.0,10.0
-30.611034235730013,2.1847048925305544e-12,10.0,10.0
-30.310926056948407,2.1846313872264457e-12,10.0,10.0
-30.010817878166687,2.184557881922337e-12,10.0,10.0
-29.71070969938508,2.1844843766182283e-12,10.0,10.0
-29.41060152060336,2.1844108713141196e-12,10.0,10.0
-29.11049334182164,2.184337366010011e-12,10.0,10.0
-28.810385163040035,2.1842638607059022e-12,10.0,10.0
-28.510276984258315,2.1841903554017935e-12,10.0,10.0
-28.21016880547671,2.184116850097685e-12,10.0,10.0
-27.91006062669499,2.184043344793576e-12,10.0,10.0
-27.60995244791327,2.1839698394894675e-12,10.0,10.0
-27.309844269131663,2.1838963341853588e-12,10.0,10.0
-27.009736090349943,2.18382282888125e-12,10.0,10.0
-26.709627911568337,2.1837493235771414e-12,10.0,10.0
-26.409519732786617,2.1836758182730323e-12,10.0,10.0
-26.10941155400501,2.1836023129689236e-12,10.0,10.0
-25.80930337522329,2.183528807664815e-12,10.0,10.0
-25.50919519644157,2.183455302360706e-12,10.0,10.0
-25.209087017659964,2.1833817970565975e-12,10.0,10.0
-24.908978838878244,2.183308291752489e-12,10.0,10.0
-24.60887066009664,2.18323478644838e-12,10.0,10.0
-24.30876248131492,2.1831612811442714e-12,10.0,10.0
-24.0086543025332,2.1830877758401627e-12,10.0,10.0
-23.708546123751592,2.183014270536054e-12,10.0,10.0
-23.408437944969872,2.1829407652319453e-12,10.0,10.0
-23.10832976618827,2.1828672599278367e-12,10.0,10.0
-22.80822158740655,2.182793754623728e-12,10.0,10.0
-22.50811340862483,2.1827202493196193e-12,10.0,10.0
-22.208005229843224,2.1826467440155106e-12,10.0,10.0
-21.907897051061504,2.182573238711402e-12,10.0,10.0
-21.607788872279897,2.182499733407293e-12,10.0,10.0
-21.307680693498178,2.182426228103184e-12,10.0,10.0
-21.007572514716458,2.1823527227990754e-12,10.0,10.0
-20.70746433593485,2.1822792174949667e-12,10.0,10.0
-20.40735615715313,2.182205712190858e-12,10.0,10.0
-20.107247978371525,2.1821322068867493e-12,10.0,10.0
-19.807139799589805,2.1820587015826406e-12,10.0,10.0
-19.507031620808085,2.181985196278532e-12,10.0,10.0
-19.20692344202648,2.1819116909744232e-12,10.0,10.0
-18.90681526324476,2.1818381856703145e-12,10.0,10.0
-18.606707084463153,2.181764680366206e-12,10.0,10.0
-18.306598905681433,2.181691175062097e-12,10.0,10.0
-18.006490726899827,2.1816176697579885e-12,10.0,10.0
-17.706382548118107,2.1815441644538798e-12,10.0,10.0
-17.406274369336387,2.181470659149771e-12,10.0,10.0
-17.10616619055478,2.1813971538456624e-12,10.0,10.0
-16.80605801177306,2.1813236485415533e-12,10.0,10.0
-16.505949832991455,2.1812501432374446e-12,10.0,10.0
-16.205841654209735,2.181176637933336e-12,10.0,10.0
-15.905733475428017,2.181103132629227e-12,10.0,10.0
-15.605625296646416,2.1810296273251185e-12,10.0,10.0
-15.305517117864701,2.18095612202101e-12,10.0,10.0
-15.0054089390831,2.180882616716901e-12,10.0,10.0
-14.705300760301386,2.1808091114127924e-12,10.0,10.0
-14.405192581519671,2.1807356061086837e-12,10.0,10.0
-14.10508440273807,2.180662100804575e-12,10.0,10.0
-13.804976223956356,2.1805885955004663e-12,10.0,10.0
-13.504868045174755,2.1805150901963576e-12,10.0,10.0
-13.20475986639304,2.180441584892249e-12,10.0,10.0
-12.904651687611326,2.1803680795881403e-12,10.0,10.0
-12.604543508829725,2.1802945742840316e-12,10.0,10.0
-12.30443533004801,2.180221068979923e-12,10.0,10.0
-12.00432715126641,2.180147563675814e-12,10.0,10.0
-11.704218972484695,2.180074058371705e-12,10.0,10.0
-11.404110793703094,2.1800005530675964e-12,10.0,10.0
-11.104002614921379,2.1799270477634877e-12,10.0,10.0
-10.803894436139664,2.179853542459379e-12,10.0,10.0
-10.503786257358065,2.1797800371552703e-12,10.0,10.0
-10.20367807857635,2.1797065318511616e-12,10.0,10.0
-9.90356989979475,2.179633026547053e-12,10.0,10.0
-9.603461721013035,2.1795595212429442e-12,10.0,10.0
-9.30335354223132,2.1794860159388355e-12,10.0,10.0
-9.00324536344972,2.179412510634727e-12,10.0,10.0
-8.703137184668005,2.179339005330618e-12,10.0,10.0
-8.403029005886404,2.1792655000265095e-12,10.0,10.0
-8.10292082710469,2.1791919947224008e-12,10.0,10.0
-7.802812648322974,2.179118489418292e-12,10.0,10.0
-7.502704469541373,2.1790449841141834e-12,10.0,10.0
-7.202596290759659,2.1789714788100743e-12,10.0,10.0
-6.902488111978058,2.1788979735059656e-12,10.0,10.0
-6.602379933196343,2.178824468201857e-12,10.0,10.0
-6.302271754414629,2.178750962897748e-12,10.0,10.0
-6.002163575633028,2.1786774575936395e-12,10.0,10.0
-5.702055396851313,2.178603952289531e-12,10.0,10.0
-5.401947218069713,2.178530446985422e-12,10.0,10.0
-5.101839039287999,2.1784569416813134e-12,10.0,10.0
-4.801730860506284,2.1783834363772047e-12,10.0,10.0
-4.501622681724683,2.178309931073096e-12,10.0,10.0
-4.201514502942969,2.1782364257689873e-12,10.0,10.0
-3.9014063241613663,2.1781629204648786e-12,10.0,10.0
-3.6012981453796504,2.17808941516077e-12,10.0,10.0
-3.301189966598048,2.1780159098566613e-12,10.0,10.0
-3.0010817878163323,2.1779424045525526e-12,10.0,10.0
-2.700973609034617,2.177868899248444e-12,10.0,10.0
-2.4008654302530146,2.177795393944335e-12,10.0,10.0
-2.1007572514712987,2.177721888640226e-12,10.0,10.0
-1.8006490726896962,2.1776483833361174e-12,10.0,10.0
-1.5005408939079803,2.1775748780320087e-12,10.0,10.0
-1.2004327151262646,2.1775013727279e-12,10.0,10.0
-0.9003245363446625,2.1774278674237913e-12,10.0,10.0
-0.6002163575629469,2.1773543621196826e-12,10.0,10.0
-0.3001081787813451,2.177280856815574e-12,10.0,10.0
0.0,0.0,10.0,10.0
